cc,system_type,ucs,uc_count,ge_pattern,status,total_terms,total_units,over_2_years,units_term_1,units_term_2,units_term_3,units_term_4,units_term_5,units_term_6,error
los_angeles_pierce,semester,UCSD,1,IGETC,success,4,66,False,17,17,17,15,0,0,
los_angeles_pierce,semester,UCLA,1,IGETC,success,4,63,False,17,17,17,12,0,0,
los_angeles_pierce,semester,UCI,1,IGETC,success,4,67,False,17,17,15,18,0,0,
los_angeles_pierce,semester,UCR,1,IGETC,success,4,68,False,17,18,15,18,0,0,
los_angeles_pierce,semester,UCSB,1,IGETC,success,4,61,False,17,17,18,9,0,0,
los_angeles_pierce,semester,UCD,1,IGETC,success,4,69,False,17,17,17,18,0,0,
los_angeles_pierce,semester,UCB,1,IGETC,success,5,75,True,17,17,17,6,18,0,
los_angeles_pierce,semester,UCSC,1,IGETC,success,5,76,True,17,17,18,6,18,0,
los_angeles_pierce,semester,UCM,1,IGETC,success,4,63,False,17,17,17,12,0,0,
los_angeles_pierce,semester,UCLA+UCSD,2,IGETC,success,4,69,False,17,17,17,18,0,0,
los_angeles_pierce,semester,UCI+UCSD,2,IGETC,success,4,66,False,17,17,17,15,0,0,
los_angeles_pierce,semester,UCR+UCSD,2,IGETC,success,4,69,False,17,17,17,18,0,0,
los_angeles_pierce,semester,UCSB+UCSD,2,IGETC,success,4,69,False,17,17,17,18,0,0,
los_angeles_pierce,semester,UCD+UCSD,2,IGETC,success,5,72,True,17,17,17,18,3,0,
los_angeles_pierce,semester,UCB+UCSD,2,IGETC,success,4,69,False,17,17,17,18,0,0,
los_angeles_pierce,semester,UCSC+UCSD,2,IGETC,success,4,69,False,17,17,17,18,0,0,
los_angeles_pierce,semester,UCM+UCSD,2,IGETC,success,4,69,False,17,17,17,18,0,0,
los_angeles_pierce,semester,UCI+UCLA,2,IGETC,success,4,63,False,17,17,17,12,0,0,
los_angeles_pierce,semester,UCLA+UCR,2,IGETC,success,4,66,False,17,17,17,15,0,0,
los_angeles_pierce,semester,UCLA+UCSB,2,IGETC,success,4,69,False,17,17,17,18,0,0,
los_angeles_pierce,semester,UCD+UCLA,2,IGETC,success,5,75,True,17,17,17,18,6,0,
los_angeles_pierce,semester,UCB+UCLA,2,IGETC,success,4,63,False,17,17,17,12,0,0,
los_angeles_pierce,semester,UCLA+UCSC,2,IGETC,success,5,72,True,17,17,17,18,3,0,
los_angeles_pierce,semester,UCLA+UCM,2,IGETC,success,4,66,False,17,17,17,15,0,0,
los_angeles_pierce,semester,UCI+UCR,2,IGETC,success,5,73,True,17,17,18,3,18,0,
los_angeles_pierce,semester,UCI+UCSB,2,IGETC,success,4,61,False,17,17,18,9,0,0,
los_angeles_pierce,semester,UCD+UCI,2,IGETC,success,4,69,False,17,17,17,18,0,0,
los_angeles_pierce,semester,UCB+UCI,2,IGETC,success,4,60,False,17,17,17,9,0,0,
los_angeles_pierce,semester,UCI+UCSC,2,IGETC,success,5,76,True,17,17,18,6,18,0,
los_angeles_pierce,semester,UCI+UCM,2,IGETC,success,4,63,False,17,17,17,12,0,0,
los_angeles_pierce,semester,UCR+UCSB,2,IGETC,success,4,67,False,17,17,18,15,0,0,
los_angeles_pierce,semester,UCD+UCR,2,IGETC,success,4,69,False,17,17,17,18,0,0,
los_angeles_pierce,semester,UCB+UCR,2,IGETC,success,4,66,False,17,17,17,15,0,0,
los_angeles_pierce,semester,UCR+UCSC,2,IGETC,success,4,64,False,17,18,17,12,0,0,
los_angeles_pierce,semester,UCM+UCR,2,IGETC,success,4,69,False,17,17,17,18,0,0,
los_angeles_pierce,semester,UCD+UCSB,2,IGETC,success,5,75,True,17,17,17,18,6,0,
los_angeles_pierce,semester,UCB+UCSB,2,IGETC,success,4,66,False,17,17,17,15,0,0,
los_angeles_pierce,semester,UCSB+UCSC,2,IGETC,success,4,64,False,17,17,18,12,0,0,
los_angeles_pierce,semester,UCM+UCSB,2,IGETC,success,4,66,False,17,17,17,15,0,0,
los_angeles_pierce,semester,UCB+UCD,2,IGETC,success,5,72,True,17,17,17,18,3,0,
los_angeles_pierce,semester,UCD+UCSC,2,IGETC,success,4,69,False,17,17,17,18,0,0,
los_angeles_pierce,semester,UCD+UCM,2,IGETC,success,5,72,True,17,17,17,18,3,0,
los_angeles_pierce,semester,UCB+UCSC,2,IGETC,success,4,69,False,17,17,17,18,0,0,
los_angeles_pierce,semester,UCB+UCM,2,IGETC,success,4,63,False,17,17,17,12,0,0,
los_angeles_pierce,semester,UCM+UCSC,2,IGETC,success,4,69,False,17,17,17,18,0,0,
los_angeles_pierce,semester,UCI+UCLA+UCSD,3,IGETC,success,4,69,False,17,17,17,18,0,0,
los_angeles_pierce,semester,UCLA+UCR+UCSD,3,IGETC,success,5,72,True,17,17,17,18,3,0,
los_angeles_pierce,semester,UCLA+UCSB+UCSD,3,IGETC,success,4,69,False,17,17,17,18,0,0,
los_angeles_pierce,semester,UCD+UCLA+UCSD,3,IGETC,success,5,75,True,17,17,17,18,6,0,
los_angeles_pierce,semester,UCB+UCLA+UCSD,3,IGETC,success,4,69,False,17,17,17,18,0,0,
los_angeles_pierce,semester,UCLA+UCSC+UCSD,3,IGETC,success,5,72,True,17,17,17,18,3,0,
los_angeles_pierce,semester,UCLA+UCM+UCSD,3,IGETC,success,4,69,False,17,17,17,18,0,0,
los_angeles_pierce,semester,UCI+UCR+UCSD,3,IGETC,success,4,69,False,17,17,17,18,0,0,
los_angeles_pierce,semester,UCI+UCSB+UCSD,3,IGETC,success,4,69,False,17,17,17,18,0,0,
los_angeles_pierce,semester,UCD+UCI+UCSD,3,IGETC,success,5,72,True,17,17,17,18,3,0,
los_angeles_pierce,semester,UCB+UCI+UCSD,3,IGETC,success,4,69,False,17,17,17,18,0,0,
los_angeles_pierce,semester,UCI+UCSC+UCSD,3,IGETC,success,4,69,False,17,17,17,18,0,0,
los_angeles_pierce,semester,UCI+UCM+UCSD,3,IGETC,success,4,69,False,17,17,17,18,0,0,
los_angeles_pierce,semester,UCR+UCSB+UCSD,3,IGETC,success,5,72,True,17,17,17,18,3,0,
los_angeles_pierce,semester,UCD+UCR+UCSD,3,IGETC,success,5,72,True,17,17,17,18,3,0,
los_angeles_pierce,semester,UCB+UCR+UCSD,3,IGETC,success,5,72,True,17,17,17,18,3,0,
los_angeles_pierce,semester,UCR+UCSC+UCSD,3,IGETC,success,5,72,True,17,17,17,18,3,0,
los_angeles_pierce,semester,UCM+UCR+UCSD,3,IGETC,success,5,72,True,17,17,17,18,3,0,
los_angeles_pierce,semester,UCD+UCSB+UCSD,3,IGETC,success,5,75,True,17,17,17,18,6,0,
los_angeles_pierce,semester,UCB+UCSB+UCSD,3,IGETC,success,4,69,False,17,17,17,18,0,0,
los_angeles_pierce,semester,UCSB+UCSC+UCSD,3,IGETC,success,5,72,True,17,17,17,18,3,0,
los_angeles_pierce,semester,UCM+UCSB+UCSD,3,IGETC,success,4,69,False,17,17,17,18,0,0,
los_angeles_pierce,semester,UCB+UCD+UCSD,3,IGETC,success,5,72,True,17,17,17,18,3,0,
los_angeles_pierce,semester,UCD+UCSC+UCSD,3,IGETC,success,5,72,True,17,17,17,18,3,0,
los_angeles_pierce,semester,UCD+UCM+UCSD,3,IGETC,success,5,72,True,17,17,17,18,3,0,
los_angeles_pierce,semester,UCB+UCSC+UCSD,3,IGETC,success,5,72,True,17,17,17,18,3,0,
los_angeles_pierce,semester,UCB+UCM+UCSD,3,IGETC,success,4,69,False,17,17,17,18,0,0,
los_angeles_pierce,semester,UCM+UCSC+UCSD,3,IGETC,success,5,72,True,17,17,17,18,3,0,
los_angeles_pierce,semester,UCI+UCLA+UCR,3,IGETC,success,4,66,False,17,17,17,15,0,0,
los_angeles_pierce,semester,UCI+UCLA+UCSB,3,IGETC,success,4,69,False,17,17,17,18,0,0,
los_angeles_pierce,semester,UCD+UCI+UCLA,3,IGETC,success,5,75,True,17,17,17,18,6,0,
los_angeles_pierce,semester,UCB+UCI+UCLA,3,IGETC,success,4,63,False,17,17,17,12,0,0,
los_angeles_pierce,semester,UCI+UCLA+UCSC,3,IGETC,success,5,72,True,17,17,17,18,3,0,
los_angeles_pierce,semester,UCI+UCLA+UCM,3,IGETC,success,4,66,False,17,17,17,15,0,0,
los_angeles_pierce,semester,UCLA+UCR+UCSB,3,IGETC,success,5,72,True,17,17,17,18,3,0,
los_angeles_pierce,semester,UCD+UCLA+UCR,3,IGETC,success,5,75,True,17,17,17,18,6,0,
los_angeles_pierce,semester,UCB+UCLA+UCR,3,IGETC,success,4,66,False,17,17,17,15,0,0,
los_angeles_pierce,semester,UCLA+UCR+UCSC,3,IGETC,success,5,75,True,17,17,17,18,6,0,
los_angeles_pierce,semester,UCLA+UCM+UCR,3,IGETC,success,4,69,False,17,17,17,18,0,0,
los_angeles_pierce,semester,UCD+UCLA+UCSB,3,IGETC,success,5,75,True,17,17,17,18,6,0,
los_angeles_pierce,semester,UCB+UCLA+UCSB,3,IGETC,success,4,69,False,17,17,17,18,0,0,
los_angeles_pierce,semester,UCLA+UCSB+UCSC,3,IGETC,success,5,72,True,17,17,17,18,3,0,
los_angeles_pierce,semester,UCLA+UCM+UCSB,3,IGETC,success,4,69,False,17,17,17,18,0,0,
los_angeles_pierce,semester,UCB+UCD+UCLA,3,IGETC,success,5,75,True,17,17,17,18,6,0,
los_angeles_pierce,semester,UCD+UCLA+UCSC,3,IGETC,success,5,75,True,17,17,17,18,6,0,
los_angeles_pierce,semester,UCD+UCLA+UCM,3,IGETC,success,5,75,True,17,17,17,18,6,0,
los_angeles_pierce,semester,UCB+UCLA+UCSC,3,IGETC,success,5,72,True,17,17,17,18,3,0,
los_angeles_pierce,semester,UCB+UCLA+UCM,3,IGETC,success,4,66,False,17,17,17,15,0,0,
los_angeles_pierce,semester,UCLA+UCM+UCSC,3,IGETC,success,5,72,True,17,17,17,18,3,0,
los_angeles_pierce,semester,UCI+UCR+UCSB,3,IGETC,success,4,67,False,17,17,18,15,0,0,
los_angeles_pierce,semester,UCD+UCI+UCR,3,IGETC,success,4,69,False,17,17,17,18,0,0,
los_angeles_pierce,semester,UCB+UCI+UCR,3,IGETC,success,4,66,False,17,17,17,15,0,0,
los_angeles_pierce,semester,UCI+UCR+UCSC,3,IGETC,success,4,64,False,17,17,18,12,0,0,
los_angeles_pierce,semester,UCI+UCM+UCR,3,IGETC,success,4,69,False,17,17,17,18,0,0,
los_angeles_pierce,semester,UCD+UCI+UCSB,3,IGETC,success,5,75,True,17,17,17,18,6,0,
los_angeles_pierce,semester,UCB+UCI+UCSB,3,IGETC,success,4,66,False,17,17,17,15,0,0,
los_angeles_pierce,semester,UCI+UCSB+UCSC,3,IGETC,success,4,64,False,17,17,18,12,0,0,
los_angeles_pierce,semester,UCI+UCM+UCSB,3,IGETC,success,4,66,False,17,17,17,15,0,0,
los_angeles_pierce,semester,UCB+UCD+UCI,3,IGETC,success,5,72,True,17,17,17,18,3,0,
los_angeles_pierce,semester,UCD+UCI+UCSC,3,IGETC,success,4,69,False,17,17,17,18,0,0,
los_angeles_pierce,semester,UCD+UCI+UCM,3,IGETC,success,5,72,True,17,17,17,18,3,0,
los_angeles_pierce,semester,UCB+UCI+UCSC,3,IGETC,success,4,69,False,17,17,17,18,0,0,
los_angeles_pierce,semester,UCB+UCI+UCM,3,IGETC,success,4,63,False,17,17,17,12,0,0,
los_angeles_pierce,semester,UCI+UCM+UCSC,3,IGETC,success,4,69,False,17,17,17,18,0,0,
los_angeles_pierce,semester,UCD+UCR+UCSB,3,IGETC,success,5,75,True,17,17,17,18,6,0,
los_angeles_pierce,semester,UCB+UCR+UCSB,3,IGETC,success,5,72,True,17,17,17,18,3,0,
los_angeles_pierce,semester,UCR+UCSB+UCSC,3,IGETC,success,4,70,False,17,17,18,18,0,0,
los_angeles_pierce,semester,UCM+UCR+UCSB,3,IGETC,success,5,72,True,17,17,17,18,3,0,
los_angeles_pierce,semester,UCB+UCD+UCR,3,IGETC,success,5,72,True,17,17,17,18,3,0,
los_angeles_pierce,semester,UCD+UCR+UCSC,3,IGETC,success,4,69,False,17,17,17,18,0,0,
los_angeles_pierce,semester,UCD+UCM+UCR,3,IGETC,success,5,72,True,17,17,17,18,3,0,
los_angeles_pierce,semester,UCB+UCR+UCSC,3,IGETC,success,5,75,True,17,17,17,18,6,0,
los_angeles_pierce,semester,UCB+UCM+UCR,3,IGETC,success,4,69,False,17,17,17,18,0,0,
los_angeles_pierce,semester,UCM+UCR+UCSC,3,IGETC,success,5,72,True,17,17,17,18,3,0,
los_angeles_pierce,semester,UCB+UCD+UCSB,3,IGETC,success,5,75,True,17,17,17,18,6,0,
los_angeles_pierce,semester,UCD+UCSB+UCSC,3,IGETC,success,5,75,True,17,17,17,18,6,0,
los_angeles_pierce,semester,UCD+UCM+UCSB,3,IGETC,success,5,75,True,17,17,17,18,6,0,
los_angeles_pierce,semester,UCB+UCSB+UCSC,3,IGETC,success,4,69,False,17,17,17,18,0,0,
los_angeles_pierce,semester,UCB+UCM+UCSB,3,IGETC,success,4,66,False,17,17,17,15,0,0,
los_angeles_pierce,semester,UCM+UCSB+UCSC,3,IGETC,success,4,69,False,17,17,17,18,0,0,
los_angeles_pierce,semester,UCB+UCD+UCSC,3,IGETC,success,5,72,True,17,17,17,18,3,0,
los_angeles_pierce,semester,UCB+UCD+UCM,3,IGETC,success,5,72,True,17,17,17,18,3,0,
los_angeles_pierce,semester,UCD+UCM+UCSC,3,IGETC,success,5,72,True,17,17,17,18,3,0,
los_angeles_pierce,semester,UCB+UCM+UCSC,3,IGETC,success,4,69,False,17,17,17,18,0,0,
los_angeles_pierce,semester,UCI+UCLA+UCR+UCSD,4,IGETC,success,5,72,True,17,17,17,18,3,0,
los_angeles_pierce,semester,UCI+UCLA+UCSB+UCSD,4,IGETC,success,4,69,False,17,17,17,18,0,0,
los_angeles_pierce,semester,UCD+UCI+UCLA+UCSD,4,IGETC,success,5,75,True,17,17,17,18,6,0,
los_angeles_pierce,semester,UCB+UCI+UCLA+UCSD,4,IGETC,success,4,69,False,17,17,17,18,0,0,
los_angeles_pierce,semester,UCI+UCLA+UCSC+UCSD,4,IGETC,success,5,72,True,17,17,17,18,3,0,
los_angeles_pierce,semester,UCI+UCLA+UCM+UCSD,4,IGETC,success,4,69,False,17,17,17,18,0,0,
los_angeles_pierce,semester,UCLA+UCR+UCSB+UCSD,4,IGETC,success,5,72,True,17,17,17,18,3,0,
los_angeles_pierce,semester,UCD+UCLA+UCR+UCSD,4,IGETC,success,5,75,True,17,17,17,18,6,0,
los_angeles_pierce,semester,UCB+UCLA+UCR+UCSD,4,IGETC,success,5,72,True,17,17,17,18,3,0,
los_angeles_pierce,semester,UCLA+UCR+UCSC+UCSD,4,IGETC,success,5,75,True,17,17,17,18,6,0,
los_angeles_pierce,semester,UCLA+UCM+UCR+UCSD,4,IGETC,success,5,72,True,17,17,17,18,3,0,
los_angeles_pierce,semester,UCD+UCLA+UCSB+UCSD,4,IGETC,success,5,75,True,17,17,17,18,6,0,
los_angeles_pierce,semester,UCB+UCLA+UCSB+UCSD,4,IGETC,success,4,69,False,17,17,17,18,0,0,
los_angeles_pierce,semester,UCLA+UCSB+UCSC+UCSD,4,IGETC,success,5,72,True,17,17,17,18,3,0,
los_angeles_pierce,semester,UCLA+UCM+UCSB+UCSD,4,IGETC,success,4,69,False,17,17,17,18,0,0,
los_angeles_pierce,semester,UCB+UCD+UCLA+UCSD,4,IGETC,success,5,75,True,17,17,17,18,6,0,
los_angeles_pierce,semester,UCD+UCLA+UCSC+UCSD,4,IGETC,success,5,75,True,17,17,17,18,6,0,
los_angeles_pierce,semester,UCD+UCLA+UCM+UCSD,4,IGETC,success,5,75,True,17,17,17,18,6,0,
los_angeles_pierce,semester,UCB+UCLA+UCSC+UCSD,4,IGETC,success,5,72,True,17,17,17,18,3,0,
los_angeles_pierce,semester,UCB+UCLA+UCM+UCSD,4,IGETC,success,4,69,False,17,17,17,18,0,0,
los_angeles_pierce,semester,UCLA+UCM+UCSC+UCSD,4,IGETC,success,5,72,True,17,17,17,18,3,0,
los_angeles_pierce,semester,UCI+UCR+UCSB+UCSD,4,IGETC,success,5,72,True,17,17,17,18,3,0,
los_angeles_pierce,semester,UCD+UCI+UCR+UCSD,4,IGETC,success,5,72,True,17,17,17,18,3,0,
los_angeles_pierce,semester,UCB+UCI+UCR+UCSD,4,IGETC,success,5,72,True,17,17,17,18,3,0,
los_angeles_pierce,semester,UCI+UCR+UCSC+UCSD,4,IGETC,success,5,72,True,17,17,17,18,3,0,
los_angeles_pierce,semester,UCI+UCM+UCR+UCSD,4,IGETC,success,5,72,True,17,17,17,18,3,0,
los_angeles_pierce,semester,UCD+UCI+UCSB+UCSD,4,IGETC,success,5,75,True,17,17,17,18,6,0,
los_angeles_pierce,semester,UCB+UCI+UCSB+UCSD,4,IGETC,success,4,69,False,17,17,17,18,0,0,
los_angeles_pierce,semester,UCI+UCSB+UCSC+UCSD,4,IGETC,success,5,72,True,17,17,17,18,3,0,
los_angeles_pierce,semester,UCI+UCM+UCSB+UCSD,4,IGETC,success,4,69,False,17,17,17,18,0,0,
los_angeles_pierce,semester,UCB+UCD+UCI+UCSD,4,IGETC,success,5,72,True,17,17,17,18,3,0,
los_angeles_pierce,semester,UCD+UCI+UCSC+UCSD,4,IGETC,success,5,72,True,17,17,17,18,3,0,
los_angeles_pierce,semester,UCD+UCI+UCM+UCSD,4,IGETC,success,5,72,True,17,17,17,18,3,0,
los_angeles_pierce,semester,UCB+UCI+UCSC+UCSD,4,IGETC,success,5,72,True,17,17,17,18,3,0,
los_angeles_pierce,semester,UCB+UCI+UCM+UCSD,4,IGETC,success,4,69,False,17,17,17,18,0,0,
los_angeles_pierce,semester,UCI+UCM+UCSC+UCSD,4,IGETC,success,5,72,True,17,17,17,18,3,0,
los_angeles_pierce,semester,UCD+UCR+UCSB+UCSD,4,IGETC,success,5,75,True,17,17,17,18,6,0,
los_angeles_pierce,semester,UCB+UCR+UCSB+UCSD,4,IGETC,success,5,72,True,17,17,17,18,3,0,
los_angeles_pierce,semester,UCR+UCSB+UCSC+UCSD,4,IGETC,success,5,75,True,17,17,17,18,6,0,
los_angeles_pierce,semester,UCM+UCR+UCSB+UCSD,4,IGETC,success,5,72,True,17,17,17,18,3,0,
los_angeles_pierce,semester,UCB+UCD+UCR+UCSD,4,IGETC,success,5,72,True,17,17,17,18,3,0,
los_angeles_pierce,semester,UCD+UCR+UCSC+UCSD,4,IGETC,success,5,72,True,17,17,17,18,3,0,
los_angeles_pierce,semester,UCD+UCM+UCR+UCSD,4,IGETC,success,5,72,True,17,17,17,18,3,0,
los_angeles_pierce,semester,UCB+UCR+UCSC+UCSD,4,IGETC,success,5,75,True,17,17,17,18,6,0,
los_angeles_pierce,semester,UCB+UCM+UCR+UCSD,4,IGETC,success,5,72,True,17,17,17,18,3,0,
los_angeles_pierce,semester,UCM+UCR+UCSC+UCSD,4,IGETC,success,5,72,True,17,17,17,18,3,0,
los_angeles_pierce,semester,UCB+UCD+UCSB+UCSD,4,IGETC,success,5,75,True,17,17,17,18,6,0,
los_angeles_pierce,semester,UCD+UCSB+UCSC+UCSD,4,IGETC,success,5,75,True,17,17,17,18,6,0,
los_angeles_pierce,semester,UCD+UCM+UCSB+UCSD,4,IGETC,success,5,75,True,17,17,17,18,6,0,
los_angeles_pierce,semester,UCB+UCSB+UCSC+UCSD,4,IGETC,success,5,72,True,17,17,17,18,3,0,
los_angeles_pierce,semester,UCB+UCM+UCSB+UCSD,4,IGETC,success,4,69,False,17,17,17,18,0,0,
los_angeles_pierce,semester,UCM+UCSB+UCSC+UCSD,4,IGETC,success,5,72,True,17,17,17,18,3,0,
los_angeles_pierce,semester,UCB+UCD+UCSC+UCSD,4,IGETC,success,5,72,True,17,17,17,18,3,0,
los_angeles_pierce,semester,UCB+UCD+UCM+UCSD,4,IGETC,success,5,72,True,17,17,17,18,3,0,
los_angeles_pierce,semester,UCD+UCM+UCSC+UCSD,4,IGETC,success,5,72,True,17,17,17,18,3,0,
los_angeles_pierce,semester,UCB+UCM+UCSC+UCSD,4,IGETC,success,5,72,True,17,17,17,18,3,0,
los_angeles_pierce,semester,UCI+UCLA+UCR+UCSB,4,IGETC,success,5,72,True,17,17,17,18,3,0,
los_angeles_pierce,semester,UCD+UCI+UCLA+UCR,4,IGETC,success,5,75,True,17,17,17,18,6,0,
los_angeles_pierce,semester,UCB+UCI+UCLA+UCR,4,IGETC,success,4,66,False,17,17,17,15,0,0,
los_angeles_pierce,semester,UCI+UCLA+UCR+UCSC,4,IGETC,success,5,75,True,17,17,17,18,6,0,
los_angeles_pierce,semester,UCI+UCLA+UCM+UCR,4,IGETC,success,4,69,False,17,17,17,18,0,0,
los_angeles_pierce,semester,UCD+UCI+UCLA+UCSB,4,IGETC,success,5,75,True,17,17,17,18,6,0,
los_angeles_pierce,semester,UCB+UCI+UCLA+UCSB,4,IGETC,success,4,69,False,17,17,17,18,0,0,
los_angeles_pierce,semester,UCI+UCLA+UCSB+UCSC,4,IGETC,success,5,72,True,17,17,17,18,3,0,
los_angeles_pierce,semester,UCI+UCLA+UCM+UCSB,4,IGETC,success,4,69,False,17,17,17,18,0,0,
los_angeles_pierce,semester,UCB+UCD+UCI+UCLA,4,IGETC,success,5,75,True,17,17,17,18,6,0,
los_angeles_pierce,semester,UCD+UCI+UCLA+UCSC,4,IGETC,success,5,75,True,17,17,17,18,6,0,
los_angeles_pierce,semester,UCD+UCI+UCLA+UCM,4,IGETC,success,5,75,True,17,17,17,18,6,0,
los_angeles_pierce,semester,UCB+UCI+UCLA+UCSC,4,IGETC,success,5,72,True,17,17,17,18,3,0,
los_angeles_pierce,semester,UCB+UCI+UCLA+UCM,4,IGETC,success,4,66,False,17,17,17,15,0,0,
los_angeles_pierce,semester,UCI+UCLA+UCM+UCSC,4,IGETC,success,5,72,True,17,17,17,18,3,0,
los_angeles_pierce,semester,UCD+UCLA+UCR+UCSB,4,IGETC,success,5,75,True,17,17,17,18,6,0,
los_angeles_pierce,semester,UCB+UCLA+UCR+UCSB,4,IGETC,success,5,72,True,17,17,17,18,3,0,
los_angeles_pierce,semester,UCLA+UCR+UCSB+UCSC,4,IGETC,success,5,75,True,17,17,17,18,6,0,
los_angeles_pierce,semester,UCLA+UCM+UCR+UCSB,4,IGETC,success,5,72,True,17,17,17,18,3,0,
los_angeles_pierce,semester,UCB+UCD+UCLA+UCR,4,IGETC,success,5,75,True,17,17,17,18,6,0,
los_angeles_pierce,semester,UCD+UCLA+UCR+UCSC,4,IGETC,success,5,75,True,17,17,17,18,6,0,
los_angeles_pierce,semester,UCD+UCLA+UCM+UCR,4,IGETC,success,5,75,True,17,17,17,18,6,0,
los_angeles_pierce,semester,UCB+UCLA+UCR+UCSC,4,IGETC,success,5,75,True,17,17,17,18,6,0,
los_angeles_pierce,semester,UCB+UCLA+UCM+UCR,4,IGETC,success,4,69,False,17,17,17,18,0,0,
los_angeles_pierce,semester,UCLA+UCM+UCR+UCSC,4,IGETC,success,5,75,True,17,17,17,18,6,0,
los_angeles_pierce,semester,UCB+UCD+UCLA+UCSB,4,IGETC,success,5,75,True,17,17,17,18,6,0,
los_angeles_pierce,semester,UCD+UCLA+UCSB+UCSC,4,IGETC,success,5,75,True,17,17,17,18,6,0,
los_angeles_pierce,semester,UCD+UCLA+UCM+UCSB,4,IGETC,success,5,75,True,17,17,17,18,6,0,
los_angeles_pierce,semester,UCB+UCLA+UCSB+UCSC,4,IGETC,success,5,72,True,17,17,17,18,3,0,
los_angeles_pierce,semester,UCB+UCLA+UCM+UCSB,4,IGETC,success,4,69,False,17,17,17,18,0,0,
los_angeles_pierce,semester,UCLA+UCM+UCSB+UCSC,4,IGETC,success,5,72,True,17,17,17,18,3,0,
los_angeles_pierce,semester,UCB+UCD+UCLA+UCSC,4,IGETC,success,5,75,True,17,17,17,18,6,0,
los_angeles_pierce,semester,UCB+UCD+UCLA+UCM,4,IGETC,success,5,75,True,17,17,17,18,6,0,
los_angeles_pierce,semester,UCD+UCLA+UCM+UCSC,4,IGETC,success,5,75,True,17,17,17,18,6,0,
los_angeles_pierce,semester,UCB+UCLA+UCM+UCSC,4,IGETC,success,5,72,True,17,17,17,18,3,0,
los_angeles_pierce,semester,UCD+UCI+UCR+UCSB,4,IGETC,success,5,75,True,17,17,17,18,6,0,
los_angeles_pierce,semester,UCB+UCI+UCR+UCSB,4,IGETC,success,5,72,True,17,17,17,18,3,0,
los_angeles_pierce,semester,UCI+UCR+UCSB+UCSC,4,IGETC,success,4,70,False,17,17,18,18,0,0,
los_angeles_pierce,semester,UCI+UCM+UCR+UCSB,4,IGETC,success,5,72,True,17,17,17,18,3,0,
los_angeles_pierce,semester,UCB+UCD+UCI+UCR,4,IGETC,success,5,72,True,17,17,17,18,3,0,
los_angeles_pierce,semester,UCD+UCI+UCR+UCSC,4,IGETC,success,4,69,False,17,17,17,18,0,0,
los_angeles_pierce,semester,UCD+UCI+UCM+UCR,4,IGETC,success,5,72,True,17,17,17,18,3,0,
los_angeles_pierce,semester,UCB+UCI+UCR+UCSC,4,IGETC,success,5,75,True,17,17,17,18,6,0,
los_angeles_pierce,semester,UCB+UCI+UCM+UCR,4,IGETC,success,4,69,False,17,17,17,18,0,0,
los_angeles_pierce,semester,UCI+UCM+UCR+UCSC,4,IGETC,success,5,72,True,17,17,17,18,3,0,
los_angeles_pierce,semester,UCB+UCD+UCI+UCSB,4,IGETC,success,5,75,True,17,17,17,18,6,0,
los_angeles_pierce,semester,UCD+UCI+UCSB+UCSC,4,IGETC,success,5,75,True,17,17,17,18,6,0,
los_angeles_pierce,semester,UCD+UCI+UCM+UCSB,4,IGETC,success,5,75,True,17,17,17,18,6,0,
los_angeles_pierce,semester,UCB+UCI+UCSB+UCSC,4,IGETC,success,4,69,False,17,17,17,18,0,0,
los_angeles_pierce,semester,UCB+UCI+UCM+UCSB,4,IGETC,success,4,66,False,17,17,17,15,0,0,
los_angeles_pierce,semester,UCI+UCM+UCSB+UCSC,4,IGETC,success,4,69,False,17,17,17,18,0,0,
los_angeles_pierce,semester,UCB+UCD+UCI+UCSC,4,IGETC,success,5,72,True,17,17,17,18,3,0,
los_angeles_pierce,semester,UCB+UCD+UCI+UCM,4,IGETC,success,5,72,True,17,17,17,18,3,0,
los_angeles_pierce,semester,UCD+UCI+UCM+UCSC,4,IGETC,success,5,72,True,17,17,17,18,3,0,
los_angeles_pierce,semester,UCB+UCI+UCM+UCSC,4,IGETC,success,4,69,False,17,17,17,18,0,0,
los_angeles_pierce,semester,UCB+UCD+UCR+UCSB,4,IGETC,success,5,75,True,17,17,17,18,6,0,
los_angeles_pierce,semester,UCD+UCR+UCSB+UCSC,4,IGETC,success,5,75,True,17,17,17,18,6,0,
los_angeles_pierce,semester,UCD+UCM+UCR+UCSB,4,IGETC,success,5,75,True,17,17,17,18,6,0,
los_angeles_pierce,semester,UCB+UCR+UCSB+UCSC,4,IGETC,success,5,75,True,17,17,17,18,6,0,
los_angeles_pierce,semester,UCB+UCM+UCR+UCSB,4,IGETC,success,5,72,True,17,17,17,18,3,0,
los_angeles_pierce,semester,UCM+UCR+UCSB+UCSC,4,IGETC,success,5,75,True,17,17,18,17,6,0,
los_angeles_pierce,semester,UCB+UCD+UCR+UCSC,4,IGETC,success,5,72,True,17,17,17,18,3,0,
los_angeles_pierce,semester,UCB+UCD+UCM+UCR,4,IGETC,success,5,72,True,17,17,17,18,3,0,
los_angeles_pierce,semester,UCD+UCM+UCR+UCSC,4,IGETC,success,5,72,True,17,17,17,18,3,0,
los_angeles_pierce,semester,UCB+UCM+UCR+UCSC,4,IGETC,success,5,75,True,17,17,17,18,6,0,
los_angeles_pierce,semester,UCB+UCD+UCSB+UCSC,4,IGETC,success,5,75,True,17,17,17,18,6,0,
los_angeles_pierce,semester,UCB+UCD+UCM+UCSB,4,IGETC,success,5,75,True,17,17,17,18,6,0,
los_angeles_pierce,semester,UCD+UCM+UCSB+UCSC,4,IGETC,success,5,75,True,17,17,17,18,6,0,
los_angeles_pierce,semester,UCB+UCM+UCSB+UCSC,4,IGETC,success,4,69,False,17,17,17,18,0,0,
los_angeles_pierce,semester,UCB+UCD+UCM+UCSC,4,IGETC,success,5,72,True,17,17,17,18,3,0,
los_angeles_pierce,semester,UCI+UCLA+UCR+UCSB+UCSD,5,IGETC,success,5,72,True,17,17,17,18,3,0,
los_angeles_pierce,semester,UCD+UCI+UCLA+UCR+UCSD,5,IGETC,success,5,75,True,17,17,17,18,6,0,
los_angeles_pierce,semester,UCB+UCI+UCLA+UCR+UCSD,5,IGETC,success,5,72,True,17,17,17,18,3,0,
los_angeles_pierce,semester,UCI+UCLA+UCR+UCSC+UCSD,5,IGETC,success,5,75,True,17,17,17,18,6,0,
los_angeles_pierce,semester,UCI+UCLA+UCM+UCR+UCSD,5,IGETC,success,5,72,True,17,17,17,18,3,0,
los_angeles_pierce,semester,UCD+UCI+UCLA+UCSB+UCSD,5,IGETC,success,5,75,True,17,17,17,18,6,0,
los_angeles_pierce,semester,UCB+UCI+UCLA+UCSB+UCSD,5,IGETC,success,4,69,False,17,17,17,18,0,0,
los_angeles_pierce,semester,UCI+UCLA+UCSB+UCSC+UCSD,5,IGETC,success,5,72,True,17,17,17,18,3,0,
los_angeles_pierce,semester,UCI+UCLA+UCM+UCSB+UCSD,5,IGETC,success,4,69,False,17,17,17,18,0,0,
los_angeles_pierce,semester,UCB+UCD+UCI+UCLA+UCSD,5,IGETC,success,5,75,True,17,17,17,18,6,0,
los_angeles_pierce,semester,UCD+UCI+UCLA+UCSC+UCSD,5,IGETC,success,5,75,True,17,17,17,18,6,0,
los_angeles_pierce,semester,UCD+UCI+UCLA+UCM+UCSD,5,IGETC,success,5,75,True,17,17,17,18,6,0,
los_angeles_pierce,semester,UCB+UCI+UCLA+UCSC+UCSD,5,IGETC,success,5,72,True,17,17,17,18,3,0,
los_angeles_pierce,semester,UCB+UCI+UCLA+UCM+UCSD,5,IGETC,success,4,69,False,17,17,17,18,0,0,
los_angeles_pierce,semester,UCI+UCLA+UCM+UCSC+UCSD,5,IGETC,success,5,72,True,17,17,17,18,3,0,
los_angeles_pierce,semester,UCD+UCLA+UCR+UCSB+UCSD,5,IGETC,success,5,75,True,17,17,17,18,6,0,
los_angeles_pierce,semester,UCB+UCLA+UCR+UCSB+UCSD,5,IGETC,success,5,72,True,17,17,17,18,3,0,
los_angeles_pierce,semester,UCLA+UCR+UCSB+UCSC+UCSD,5,IGETC,success,5,75,True,17,17,17,18,6,0,
los_angeles_pierce,semester,UCLA+UCM+UCR+UCSB+UCSD,5,IGETC,success,5,72,True,17,17,17,18,3,0,
los_angeles_pierce,semester,UCB+UCD+UCLA+UCR+UCSD,5,IGETC,success,5,75,True,17,17,17,18,6,0,
los_angeles_pierce,semester,UCD+UCLA+UCR+UCSC+UCSD,5,IGETC,success,5,75,True,17,17,17,18,6,0,
los_angeles_pierce,semester,UCD+UCLA+UCM+UCR+UCSD,5,IGETC,success,5,75,True,17,17,17,18,6,0,
los_angeles_pierce,semester,UCB+UCLA+UCR+UCSC+UCSD,5,IGETC,success,5,75,True,17,17,17,18,6,0,
los_angeles_pierce,semester,UCB+UCLA+UCM+UCR+UCSD,5,IGETC,success,5,72,True,17,17,17,18,3,0,
los_angeles_pierce,semester,UCLA+UCM+UCR+UCSC+UCSD,5,IGETC,success,5,75,True,17,17,17,18,6,0,
los_angeles_pierce,semester,UCB+UCD+UCLA+UCSB+UCSD,5,IGETC,success,5,75,True,17,17,17,18,6,0,
los_angeles_pierce,semester,UCD+UCLA+UCSB+UCSC+UCSD,5,IGETC,success,5,75,True,17,17,17,18,6,0,
los_angeles_pierce,semester,UCD+UCLA+UCM+UCSB+UCSD,5,IGETC,success,5,75,True,17,17,17,18,6,0,
los_angeles_pierce,semester,UCB+UCLA+UCSB+UCSC+UCSD,5,IGETC,success,5,72,True,17,17,17,18,3,0,
los_angeles_pierce,semester,UCB+UCLA+UCM+UCSB+UCSD,5,IGETC,success,4,69,False,17,17,17,18,0,0,
los_angeles_pierce,semester,UCLA+UCM+UCSB+UCSC+UCSD,5,IGETC,success,5,72,True,17,17,17,18,3,0,
los_angeles_pierce,semester,UCB+UCD+UCLA+UCSC+UCSD,5,IGETC,success,5,75,True,17,17,17,18,6,0,
los_angeles_pierce,semester,UCB+UCD+UCLA+UCM+UCSD,5,IGETC,success,5,75,True,17,17,17,18,6,0,
los_angeles_pierce,semester,UCD+UCLA+UCM+UCSC+UCSD,5,IGETC,success,5,75,True,17,17,17,18,6,0,
los_angeles_pierce,semester,UCB+UCLA+UCM+UCSC+UCSD,5,IGETC,success,5,72,True,17,17,17,18,3,0,
los_angeles_pierce,semester,UCD+UCI+UCR+UCSB+UCSD,5,IGETC,success,5,75,True,17,17,17,18,6,0,
los_angeles_pierce,semester,UCB+UCI+UCR+UCSB+UCSD,5,IGETC,success,5,72,True,17,17,17,18,3,0,
los_angeles_pierce,semester,UCI+UCR+UCSB+UCSC+UCSD,5,IGETC,success,5,75,True,17,17,17,18,6,0,
los_angeles_pierce,semester,UCI+UCM+UCR+UCSB+UCSD,5,IGETC,success,5,72,True,17,17,17,18,3,0,
los_angeles_pierce,semester,UCB+UCD+UCI+UCR+UCSD,5,IGETC,success,5,72,True,17,17,17,18,3,0,
los_angeles_pierce,semester,UCD+UCI+UCR+UCSC+UCSD,5,IGETC,success,5,72,True,17,17,17,18,3,0,
los_angeles_pierce,semester,UCD+UCI+UCM+UCR+UCSD,5,IGETC,success,5,72,True,17,17,17,18,3,0,
los_angeles_pierce,semester,UCB+UCI+UCR+UCSC+UCSD,5,IGETC,success,5,75,True,17,17,17,18,6,0,
los_angeles_pierce,semester,UCB+UCI+UCM+UCR+UCSD,5,IGETC,success,5,72,True,17,17,17,18,3,0,
los_angeles_pierce,semester,UCI+UCM+UCR+UCSC+UCSD,5,IGETC,success,5,72,True,17,17,17,18,3,0,
los_angeles_pierce,semester,UCB+UCD+UCI+UCSB+UCSD,5,IGETC,success,5,75,True,17,17,17,18,6,0,
los_angeles_pierce,semester,UCD+UCI+UCSB+UCSC+UCSD,5,IGETC,success,5,75,True,17,17,17,18,6,0,
los_angeles_pierce,semester,UCD+UCI+UCM+UCSB+UCSD,5,IGETC,success,5,75,True,17,17,17,18,6,0,
los_angeles_pierce,semester,UCB+UCI+UCSB+UCSC+UCSD,5,IGETC,success,5,72,True,17,17,17,18,3,0,
los_angeles_pierce,semester,UCB+UCI+UCM+UCSB+UCSD,5,IGETC,success,4,69,False,17,17,17,18,0,0,
los_angeles_pierce,semester,UCI+UCM+UCSB+UCSC+UCSD,5,IGETC,success,5,72,True,17,17,17,18,3,0,
los_angeles_pierce,semester,UCB+UCD+UCI+UCSC+UCSD,5,IGETC,success,5,72,True,17,17,17,18,3,0,
los_angeles_pierce,semester,UCB+UCD+UCI+UCM+UCSD,5,IGETC,success,5,72,True,17,17,17,18,3,0,
los_angeles_pierce,semester,UCD+UCI+UCM+UCSC+UCSD,5,IGETC,success,5,72,True,17,17,17,18,3,0,
los_angeles_pierce,semester,UCB+UCI+UCM+UCSC+UCSD,5,IGETC,success,5,72,True,17,17,17,18,3,0,
los_angeles_pierce,semester,UCB+UCD+UCR+UCSB+UCSD,5,IGETC,success,5,75,True,17,17,17,18,6,0,
los_angeles_pierce,semester,UCD+UCR+UCSB+UCSC+UCSD,5,IGETC,success,5,75,True,17,17,17,18,6,0,
los_angeles_pierce,semester,UCD+UCM+UCR+UCSB+UCSD,5,IGETC,success,5,75,True,17,17,17,18,6,0,
los_angeles_pierce,semester,UCB+UCR+UCSB+UCSC+UCSD,5,IGETC,success,5,75,True,17,17,17,18,6,0,
los_angeles_pierce,semester,UCB+UCM+UCR+UCSB+UCSD,5,IGETC,success,5,72,True,17,17,17,18,3,0,
los_angeles_pierce,semester,UCM+UCR+UCSB+UCSC+UCSD,5,IGETC,success,5,75,True,17,17,17,18,6,0,
los_angeles_pierce,semester,UCB+UCD+UCR+UCSC+UCSD,5,IGETC,success,5,72,True,17,17,17,18,3,0,
los_angeles_pierce,semester,UCB+UCD+UCM+UCR+UCSD,5,IGETC,success,5,72,True,17,17,17,18,3,0,
los_angeles_pierce,semester,UCD+UCM+UCR+UCSC+UCSD,5,IGETC,success,5,72,True,17,17,17,18,3,0,
los_angeles_pierce,semester,UCB+UCM+UCR+UCSC+UCSD,5,IGETC,success,5,75,True,17,17,17,18,6,0,
los_angeles_pierce,semester,UCB+UCD+UCSB+UCSC+UCSD,5,IGETC,success,5,75,True,17,17,17,18,6,0,
los_angeles_pierce,semester,UCB+UCD+UCM+UCSB+UCSD,5,IGETC,success,5,75,True,17,17,17,18,6,0,
los_angeles_pierce,semester,UCD+UCM+UCSB+UCSC+UCSD,5,IGETC,success,5,75,True,17,17,17,18,6,0,
los_angeles_pierce,semester,UCB+UCM+UCSB+UCSC+UCSD,5,IGETC,success,5,72,True,17,17,17,18,3,0,
los_angeles_pierce,semester,UCB+UCD+UCM+UCSC+UCSD,5,IGETC,success,5,72,True,17,17,17,18,3,0,
los_angeles_pierce,semester,UCD+UCI+UCLA+UCR+UCSB,5,IGETC,success,5,75,True,17,17,17,18,6,0,
los_angeles_pierce,semester,UCB+UCI+UCLA+UCR+UCSB,5,IGETC,success,5,72,True,17,17,17,18,3,0,
los_angeles_pierce,semester,UCI+UCLA+UCR+UCSB+UCSC,5,IGETC,success,5,75,True,17,17,17,18,6,0,
los_angeles_pierce,semester,UCI+UCLA+UCM+UCR+UCSB,5,IGETC,success,5,72,True,17,17,17,18,3,0,
los_angeles_pierce,semester,UCB+UCD+UCI+UCLA+UCR,5,IGETC,success,5,75,True,17,17,17,18,6,0,
los_angeles_pierce,semester,UCD+UCI+UCLA+UCR+UCSC,5,IGETC,success,5,75,True,17,17,17,18,6,0,
los_angeles_pierce,semester,UCD+UCI+UCLA+UCM+UCR,5,IGETC,success,5,75,True,17,17,17,18,6,0,
los_angeles_pierce,semester,UCB+UCI+UCLA+UCR+UCSC,5,IGETC,success,5,75,True,17,17,17,18,6,0,
los_angeles_pierce,semester,UCB+UCI+UCLA+UCM+UCR,5,IGETC,success,4,69,False,17,17,17,18,0,0,
los_angeles_pierce,semester,UCI+UCLA+UCM+UCR+UCSC,5,IGETC,success,5,75,True,17,17,17,18,6,0,
los_angeles_pierce,semester,UCB+UCD+UCI+UCLA+UCSB,5,IGETC,success,5,75,True,17,17,17,18,6,0,
los_angeles_pierce,semester,UCD+UCI+UCLA+UCSB+UCSC,5,IGETC,success,5,75,True,17,17,17,18,6,0,
los_angeles_pierce,semester,UCD+UCI+UCLA+UCM+UCSB,5,IGETC,success,5,75,True,17,17,17,18,6,0,
los_angeles_pierce,semester,UCB+UCI+UCLA+UCSB+UCSC,5,IGETC,success,5,72,True,17,17,17,18,3,0,
los_angeles_pierce,semester,UCB+UCI+UCLA+UCM+UCSB,5,IGETC,success,4,69,False,17,17,17,18,0,0,
los_angeles_pierce,semester,UCI+UCLA+UCM+UCSB+UCSC,5,IGETC,success,5,72,True,17,17,17,18,3,0,
los_angeles_pierce,semester,UCB+UCD+UCI+UCLA+UCSC,5,IGETC,success,5,75,True,17,17,17,18,6,0,
los_angeles_pierce,semester,UCB+UCD+UCI+UCLA+UCM,5,IGETC,success,5,75,True,17,17,17,18,6,0,
los_angeles_pierce,semester,UCD+UCI+UCLA+UCM+UCSC,5,IGETC,success,5,75,True,17,17,17,18,6,0,
los_angeles_pierce,semester,UCB+UCI+UCLA+UCM+UCSC,5,IGETC,success,5,72,True,17,17,17,18,3,0,
los_angeles_pierce,semester,UCB+UCD+UCLA+UCR+UCSB,5,IGETC,success,5,75,True,17,17,17,18,6,0,
los_angeles_pierce,semester,UCD+UCLA+UCR+UCSB+UCSC,5,IGETC,success,5,75,True,17,17,17,18,6,0,
los_angeles_pierce,semester,UCD+UCLA+UCM+UCR+UCSB,5,IGETC,success,5,75,True,17,17,17,18,6,0,
los_angeles_pierce,semester,UCB+UCLA+UCR+UCSB+UCSC,5,IGETC,success,5,75,True,17,17,17,18,6,0,
los_angeles_pierce,semester,UCB+UCLA+UCM+UCR+UCSB,5,IGETC,success,5,72,True,17,17,17,18,3,0,
los_angeles_pierce,semester,UCLA+UCM+UCR+UCSB+UCSC,5,IGETC,success,5,75,True,17,17,17,18,6,0,
los_angeles_pierce,semester,UCB+UCD+UCLA+UCR+UCSC,5,IGETC,success,5,75,True,17,17,17,18,6,0,
los_angeles_pierce,semester,UCB+UCD+UCLA+UCM+UCR,5,IGETC,success,5,75,True,17,17,17,18,6,0,
los_angeles_pierce,semester,UCD+UCLA+UCM+UCR+UCSC,5,IGETC,success,5,75,True,17,17,17,18,6,0,
los_angeles_pierce,semester,UCB+UCLA+UCM+UCR+UCSC,5,IGETC,success,5,75,True,17,17,17,18,6,0,
los_angeles_pierce,semester,UCB+UCD+UCLA+UCSB+UCSC,5,IGETC,success,5,75,True,17,17,17,18,6,0,
los_angeles_pierce,semester,UCB+UCD+UCLA+UCM+UCSB,5,IGETC,success,5,75,True,17,17,17,18,6,0,
los_angeles_pierce,semester,UCD+UCLA+UCM+UCSB+UCSC,5,IGETC,success,5,75,True,17,17,17,18,6,0,
los_angeles_pierce,semester,UCB+UCLA+UCM+UCSB+UCSC,5,IGETC,success,5,72,True,17,17,17,18,3,0,
los_angeles_pierce,semester,UCB+UCD+UCLA+UCM+UCSC,5,IGETC,success,5,75,True,17,17,17,18,6,0,
los_angeles_pierce,semester,UCB+UCD+UCI+UCR+UCSB,5,IGETC,success,5,75,True,17,17,17,18,6,0,
los_angeles_pierce,semester,UCD+UCI+UCR+UCSB+UCSC,5,IGETC,success,5,75,True,17,17,17,18,6,0,
los_angeles_pierce,semester,UCD+UCI+UCM+UCR+UCSB,5,IGETC,success,5,75,True,17,17,17,18,6,0,
los_angeles_pierce,semester,UCB+UCI+UCR+UCSB+UCSC,5,IGETC,success,5,75,True,17,17,17,18,6,0,
los_angeles_pierce,semester,UCB+UCI+UCM+UCR+UCSB,5,IGETC,success,5,72,True,17,17,17,18,3,0,
los_angeles_pierce,semester,UCI+UCM+UCR+UCSB+UCSC,5,IGETC,success,5,75,True,17,17,18,17,6,0,
los_angeles_pierce,semester,UCB+UCD+UCI+UCR+UCSC,5,IGETC,success,5,72,True,17,17,17,18,3,0,
los_angeles_pierce,semester,UCB+UCD+UCI+UCM+UCR,5,IGETC,success,5,72,True,17,17,17,18,3,0,
los_angeles_pierce,semester,UCD+UCI+UCM+UCR+UCSC,5,IGETC,success,5,72,True,17,17,17,18,3,0,
los_angeles_pierce,semester,UCB+UCI+UCM+UCR+UCSC,5,IGETC,success,5,75,True,17,17,17,18,6,0,
los_angeles_pierce,semester,UCB+UCD+UCI+UCSB+UCSC,5,IGETC,success,5,75,True,17,17,17,18,6,0,
los_angeles_pierce,semester,UCB+UCD+UCI+UCM+UCSB,5,IGETC,success,5,75,True,17,17,17,18,6,0,
los_angeles_pierce,semester,UCD+UCI+UCM+UCSB+UCSC,5,IGETC,success,5,75,True,17,17,17,18,6,0,
los_angeles_pierce,semester,UCB+UCI+UCM+UCSB+UCSC,5,IGETC,success,4,69,False,17,17,17,18,0,0,
los_angeles_pierce,semester,UCB+UCD+UCI+UCM+UCSC,5,IGETC,success,5,72,True,17,17,17,18,3,0,
los_angeles_pierce,semester,UCB+UCD+UCR+UCSB+UCSC,5,IGETC,success,5,75,True,17,17,17,18,6,0,
los_angeles_pierce,semester,UCB+UCD+UCM+UCR+UCSB,5,IGETC,success,5,75,True,17,17,17,18,6,0,
los_angeles_pierce,semester,UCD+UCM+UCR+UCSB+UCSC,5,IGETC,success,5,75,True,17,17,17,18,6,0,
los_angeles_pierce,semester,UCB+UCM+UCR+UCSB+UCSC,5,IGETC,success,5,75,True,17,17,17,18,6,0,
los_angeles_pierce,semester,UCB+UCD+UCM+UCR+UCSC,5,IGETC,success,5,72,True,17,17,17,18,3,0,
los_angeles_pierce,semester,UCB+UCD+UCM+UCSB+UCSC,5,IGETC,success,5,75,True,17,17,17,18,6,0,
los_angeles_pierce,semester,UCD+UCI+UCLA+UCR+UCSB+UCSD,6,IGETC,success,5,75,True,17,17,17,18,6,0,
los_angeles_pierce,semester,UCB+UCI+UCLA+UCR+UCSB+UCSD,6,IGETC,success,5,72,True,17,17,17,18,3,0,
los_angeles_pierce,semester,UCI+UCLA+UCR+UCSB+UCSC+UCSD,6,IGETC,success,5,75,True,17,17,17,18,6,0,
los_angeles_pierce,semester,UCI+UCLA+UCM+UCR+UCSB+UCSD,6,IGETC,success,5,72,True,17,17,17,18,3,0,
los_angeles_pierce,semester,UCB+UCD+UCI+UCLA+UCR+UCSD,6,IGETC,success,5,75,True,17,17,17,18,6,0,
los_angeles_pierce,semester,UCD+UCI+UCLA+UCR+UCSC+UCSD,6,IGETC,success,5,75,True,17,17,17,18,6,0,
los_angeles_pierce,semester,UCD+UCI+UCLA+UCM+UCR+UCSD,6,IGETC,success,5,75,True,17,17,17,18,6,0,
los_angeles_pierce,semester,UCB+UCI+UCLA+UCR+UCSC+UCSD,6,IGETC,success,5,75,True,17,17,17,18,6,0,
los_angeles_pierce,semester,UCB+UCI+UCLA+UCM+UCR+UCSD,6,IGETC,success,5,72,True,17,17,17,18,3,0,
los_angeles_pierce,semester,UCI+UCLA+UCM+UCR+UCSC+UCSD,6,IGETC,success,5,75,True,17,17,17,18,6,0,
los_angeles_pierce,semester,UCB+UCD+UCI+UCLA+UCSB+UCSD,6,IGETC,success,5,75,True,17,17,17,18,6,0,
los_angeles_pierce,semester,UCD+UCI+UCLA+UCSB+UCSC+UCSD,6,IGETC,success,5,75,True,17,17,17,18,6,0,
los_angeles_pierce,semester,UCD+UCI+UCLA+UCM+UCSB+UCSD,6,IGETC,success,5,75,True,17,17,17,18,6,0,
los_angeles_pierce,semester,UCB+UCI+UCLA+UCSB+UCSC+UCSD,6,IGETC,success,5,72,True,17,17,17,18,3,0,
los_angeles_pierce,semester,UCB+UCI+UCLA+UCM+UCSB+UCSD,6,IGETC,success,4,69,False,17,17,17,18,0,0,
los_angeles_pierce,semester,UCI+UCLA+UCM+UCSB+UCSC+UCSD,6,IGETC,success,5,72,True,17,17,17,18,3,0,
los_angeles_pierce,semester,UCB+UCD+UCI+UCLA+UCSC+UCSD,6,IGETC,success,5,75,True,17,17,17,18,6,0,
los_angeles_pierce,semester,UCB+UCD+UCI+UCLA+UCM+UCSD,6,IGETC,success,5,75,True,17,17,17,18,6,0,
los_angeles_pierce,semester,UCD+UCI+UCLA+UCM+UCSC+UCSD,6,IGETC,success,5,75,True,17,17,17,18,6,0,
los_angeles_pierce,semester,UCB+UCI+UCLA+UCM+UCSC+UCSD,6,IGETC,success,5,72,True,17,17,17,18,3,0,
los_angeles_pierce,semester,UCB+UCD+UCLA+UCR+UCSB+UCSD,6,IGETC,success,5,75,True,17,17,17,18,6,0,
los_angeles_pierce,semester,UCD+UCLA+UCR+UCSB+UCSC+UCSD,6,IGETC,success,5,75,True,17,17,17,18,6,0,
los_angeles_pierce,semester,UCD+UCLA+UCM+UCR+UCSB+UCSD,6,IGETC,success,5,75,True,17,17,17,18,6,0,
los_angeles_pierce,semester,UCB+UCLA+UCR+UCSB+UCSC+UCSD,6,IGETC,success,5,75,True,17,17,17,18,6,0,
los_angeles_pierce,semester,UCB+UCLA+UCM+UCR+UCSB+UCSD,6,IGETC,success,5,72,True,17,17,17,18,3,0,
los_angeles_pierce,semester,UCLA+UCM+UCR+UCSB+UCSC+UCSD,6,IGETC,success,5,75,True,17,17,17,18,6,0,
los_angeles_pierce,semester,UCB+UCD+UCLA+UCR+UCSC+UCSD,6,IGETC,success,5,75,True,17,17,17,18,6,0,
los_angeles_pierce,semester,UCB+UCD+UCLA+UCM+UCR+UCSD,6,IGETC,success,5,75,True,17,17,17,18,6,0,
los_angeles_pierce,semester,UCD+UCLA+UCM+UCR+UCSC+UCSD,6,IGETC,success,5,75,True,17,17,17,18,6,0,
los_angeles_pierce,semester,UCB+UCLA+UCM+UCR+UCSC+UCSD,6,IGETC,success,5,75,True,17,17,17,18,6,0,
los_angeles_pierce,semester,UCB+UCD+UCLA+UCSB+UCSC+UCSD,6,IGETC,success,5,75,True,17,17,17,18,6,0,
los_angeles_pierce,semester,UCB+UCD+UCLA+UCM+UCSB+UCSD,6,IGETC,success,5,75,True,17,17,17,18,6,0,
los_angeles_pierce,semester,UCD+UCLA+UCM+UCSB+UCSC+UCSD,6,IGETC,success,5,75,True,17,17,17,18,6,0,
los_angeles_pierce,semester,UCB+UCLA+UCM+UCSB+UCSC+UCSD,6,IGETC,success,5,72,True,17,17,17,18,3,0,
los_angeles_pierce,semester,UCB+UCD+UCLA+UCM+UCSC+UCSD,6,IGETC,success,5,75,True,17,17,17,18,6,0,
los_angeles_pierce,semester,UCB+UCD+UCI+UCR+UCSB+UCSD,6,IGETC,success,5,75,True,17,17,17,18,6,0,
los_angeles_pierce,semester,UCD+UCI+UCR+UCSB+UCSC+UCSD,6,IGETC,success,5,75,True,17,17,17,18,6,0,
los_angeles_pierce,semester,UCD+UCI+UCM+UCR+UCSB+UCSD,6,IGETC,success,5,75,True,17,17,17,18,6,0,
los_angeles_pierce,semester,UCB+UCI+UCR+UCSB+UCSC+UCSD,6,IGETC,success,5,75,True,17,17,17,18,6,0,
los_angeles_pierce,semester,UCB+UCI+UCM+UCR+UCSB+UCSD,6,IGETC,success,5,72,True,17,17,17,18,3,0,
los_angeles_pierce,semester,UCI+UCM+UCR+UCSB+UCSC+UCSD,6,IGETC,success,5,75,True,17,17,17,18,6,0,
los_angeles_pierce,semester,UCB+UCD+UCI+UCR+UCSC+UCSD,6,IGETC,success,5,72,True,17,17,17,18,3,0,
los_angeles_pierce,semester,UCB+UCD+UCI+UCM+UCR+UCSD,6,IGETC,success,5,72,True,17,17,17,18,3,0,
los_angeles_pierce,semester,UCD+UCI+UCM+UCR+UCSC+UCSD,6,IGETC,success,5,72,True,17,17,17,18,3,0,
los_angeles_pierce,semester,UCB+UCI+UCM+UCR+UCSC+UCSD,6,IGETC,success,5,75,True,17,17,17,18,6,0,
los_angeles_pierce,semester,UCB+UCD+UCI+UCSB+UCSC+UCSD,6,IGETC,success,5,75,True,17,17,17,18,6,0,
los_angeles_pierce,semester,UCB+UCD+UCI+UCM+UCSB+UCSD,6,IGETC,success,5,75,True,17,17,17,18,6,0,
los_angeles_pierce,semester,UCD+UCI+UCM+UCSB+UCSC+UCSD,6,IGETC,success,5,75,True,17,17,17,18,6,0,
los_angeles_pierce,semester,UCB+UCI+UCM+UCSB+UCSC+UCSD,6,IGETC,success,5,72,True,17,17,17,18,3,0,
los_angeles_pierce,semester,UCB+UCD+UCI+UCM+UCSC+UCSD,6,IGETC,success,5,72,True,17,17,17,18,3,0,
los_angeles_pierce,semester,UCB+UCD+UCR+UCSB+UCSC+UCSD,6,IGETC,success,5,75,True,17,17,17,18,6,0,
los_angeles_pierce,semester,UCB+UCD+UCM+UCR+UCSB+UCSD,6,IGETC,success,5,75,True,17,17,17,18,6,0,
los_angeles_pierce,semester,UCD+UCM+UCR+UCSB+UCSC+UCSD,6,IGETC,success,5,75,True,17,17,17,18,6,0,
los_angeles_pierce,semester,UCB+UCM+UCR+UCSB+UCSC+UCSD,6,IGETC,success,5,75,True,17,17,17,18,6,0,
los_angeles_pierce,semester,UCB+UCD+UCM+UCR+UCSC+UCSD,6,IGETC,success,5,72,True,17,17,17,18,3,0,
los_angeles_pierce,semester,UCB+UCD+UCM+UCSB+UCSC+UCSD,6,IGETC,success,5,75,True,17,17,17,18,6,0,
los_angeles_pierce,semester,UCB+UCD+UCI+UCLA+UCR+UCSB,6,IGETC,success,5,75,True,17,17,17,18,6,0,
los_angeles_pierce,semester,UCD+UCI+UCLA+UCR+UCSB+UCSC,6,IGETC,success,5,75,True,17,17,17,18,6,0,
los_angeles_pierce,semester,UCD+UCI+UCLA+UCM+UCR+UCSB,6,IGETC,success,5,75,True,17,17,17,18,6,0,
los_angeles_pierce,semester,UCB+UCI+UCLA+UCR+UCSB+UCSC,6,IGETC,success,5,75,True,17,17,17,18,6,0,
los_angeles_pierce,semester,UCB+UCI+UCLA+UCM+UCR+UCSB,6,IGETC,success,5,72,True,17,17,17,18,3,0,
los_angeles_pierce,semester,UCI+UCLA+UCM+UCR+UCSB+UCSC,6,IGETC,success,5,75,True,17,17,17,18,6,0,
los_angeles_pierce,semester,UCB+UCD+UCI+UCLA+UCR+UCSC,6,IGETC,success,5,75,True,17,17,17,18,6,0,
los_angeles_pierce,semester,UCB+UCD+UCI+UCLA+UCM+UCR,6,IGETC,success,5,75,True,17,17,17,18,6,0,
los_angeles_pierce,semester,UCD+UCI+UCLA+UCM+UCR+UCSC,6,IGETC,success,5,75,True,17,17,17,18,6,0,
los_angeles_pierce,semester,UCB+UCI+UCLA+UCM+UCR+UCSC,6,IGETC,success,5,75,True,17,17,17,18,6,0,
los_angeles_pierce,semester,UCB+UCD+UCI+UCLA+UCSB+UCSC,6,IGETC,success,5,75,True,17,17,17,18,6,0,
los_angeles_pierce,semester,UCB+UCD+UCI+UCLA+UCM+UCSB,6,IGETC,success,5,75,True,17,17,17,18,6,0,
los_angeles_pierce,semester,UCD+UCI+UCLA+UCM+UCSB+UCSC,6,IGETC,success,5,75,True,17,17,17,18,6,0,
los_angeles_pierce,semester,UCB+UCI+UCLA+UCM+UCSB+UCSC,6,IGETC,success,5,72,True,17,17,17,18,3,0,
los_angeles_pierce,semester,UCB+UCD+UCI+UCLA+UCM+UCSC,6,IGETC,success,5,75,True,17,17,17,18,6,0,
los_angeles_pierce,semester,UCB+UCD+UCLA+UCR+UCSB+UCSC,6,IGETC,success,5,75,True,17,17,17,18,6,0,
los_angeles_pierce,semester,UCB+UCD+UCLA+UCM+UCR+UCSB,6,IGETC,success,5,75,True,17,17,17,18,6,0,
los_angeles_pierce,semester,UCD+UCLA+UCM+UCR+UCSB+UCSC,6,IGETC,success,5,75,True,17,17,17,18,6,0,
los_angeles_pierce,semester,UCB+UCLA+UCM+UCR+UCSB+UCSC,6,IGETC,success,5,75,True,17,17,17,18,6,0,
los_angeles_pierce,semester,UCB+UCD+UCLA+UCM+UCR+UCSC,6,IGETC,success,5,75,True,17,17,17,18,6,0,
los_angeles_pierce,semester,UCB+UCD+UCLA+UCM+UCSB+UCSC,6,IGETC,success,5,75,True,17,17,17,18,6,0,
los_angeles_pierce,semester,UCB+UCD+UCI+UCR+UCSB+UCSC,6,IGETC,success,5,75,True,17,17,17,18,6,0,
los_angeles_pierce,semester,UCB+UCD+UCI+UCM+UCR+UCSB,6,IGETC,success,5,75,True,17,17,17,18,6,0,
los_angeles_pierce,semester,UCD+UCI+UCM+UCR+UCSB+UCSC,6,IGETC,success,5,75,True,17,17,17,18,6,0,
los_angeles_pierce,semester,UCB+UCI+UCM+UCR+UCSB+UCSC,6,IGETC,success,5,75,True,17,17,17,18,6,0,
los_angeles_pierce,semester,UCB+UCD+UCI+UCM+UCR+UCSC,6,IGETC,success,5,72,True,17,17,17,18,3,0,
los_angeles_pierce,semester,UCB+UCD+UCI+UCM+UCSB+UCSC,6,IGETC,success,5,75,True,17,17,17,18,6,0,
los_angeles_pierce,semester,UCB+UCD+UCM+UCR+UCSB+UCSC,6,IGETC,success,5,75,True,17,17,17,18,6,0,
los_angeles_pierce,semester,UCB+UCD+UCI+UCLA+UCR+UCSB+UCSD,7,IGETC,success,5,75,True,17,17,17,18,6,0,
los_angeles_pierce,semester,UCD+UCI+UCLA+UCR+UCSB+UCSC+UCSD,7,IGETC,success,5,75,True,17,17,17,18,6,0,
los_angeles_pierce,semester,UCD+UCI+UCLA+UCM+UCR+UCSB+UCSD,7,IGETC,success,5,75,True,17,17,17,18,6,0,
los_angeles_pierce,semester,UCB+UCI+UCLA+UCR+UCSB+UCSC+UCSD,7,IGETC,success,5,75,True,17,17,17,18,6,0,
los_angeles_pierce,semester,UCB+UCI+UCLA+UCM+UCR+UCSB+UCSD,7,IGETC,success,5,72,True,17,17,17,18,3,0,
los_angeles_pierce,semester,UCI+UCLA+UCM+UCR+UCSB+UCSC+UCSD,7,IGETC,success,5,75,True,17,17,17,18,6,0,
los_angeles_pierce,semester,UCB+UCD+UCI+UCLA+UCR+UCSC+UCSD,7,IGETC,success,5,75,True,17,17,17,18,6,0,
los_angeles_pierce,semester,UCB+UCD+UCI+UCLA+UCM+UCR+UCSD,7,IGETC,success,5,75,True,17,17,17,18,6,0,
los_angeles_pierce,semester,UCD+UCI+UCLA+UCM+UCR+UCSC+UCSD,7,IGETC,success,5,75,True,17,17,17,18,6,0,
los_angeles_pierce,semester,UCB+UCI+UCLA+UCM+UCR+UCSC+UCSD,7,IGETC,success,5,75,True,17,17,17,18,6,0,
los_angeles_pierce,semester,UCB+UCD+UCI+UCLA+UCSB+UCSC+UCSD,7,IGETC,success,5,75,True,17,17,17,18,6,0,
los_angeles_pierce,semester,UCB+UCD+UCI+UCLA+UCM+UCSB+UCSD,7,IGETC,success,5,75,True,17,17,17,18,6,0,
los_angeles_pierce,semester,UCD+UCI+UCLA+UCM+UCSB+UCSC+UCSD,7,IGETC,success,5,75,True,17,17,17,18,6,0,
los_angeles_pierce,semester,UCB+UCI+UCLA+UCM+UCSB+UCSC+UCSD,7,IGETC,success,5,72,True,17,17,17,18,3,0,
los_angeles_pierce,semester,UCB+UCD+UCI+UCLA+UCM+UCSC+UCSD,7,IGETC,success,5,75,True,17,17,17,18,6,0,
los_angeles_pierce,semester,UCB+UCD+UCLA+UCR+UCSB+UCSC+UCSD,7,IGETC,success,5,75,True,17,17,17,18,6,0,
los_angeles_pierce,semester,UCB+UCD+UCLA+UCM+UCR+UCSB+UCSD,7,IGETC,success,5,75,True,17,17,17,18,6,0,
los_angeles_pierce,semester,UCD+UCLA+UCM+UCR+UCSB+UCSC+UCSD,7,IGETC,success,5,75,True,17,17,17,18,6,0,
los_angeles_pierce,semester,UCB+UCLA+UCM+UCR+UCSB+UCSC+UCSD,7,IGETC,success,5,75,True,17,17,17,18,6,0,
los_angeles_pierce,semester,UCB+UCD+UCLA+UCM+UCR+UCSC+UCSD,7,IGETC,success,5,75,True,17,17,17,18,6,0,
los_angeles_pierce,semester,UCB+UCD+UCLA+UCM+UCSB+UCSC+UCSD,7,IGETC,success,5,75,True,17,17,17,18,6,0,
los_angeles_pierce,semester,UCB+UCD+UCI+UCR+UCSB+UCSC+UCSD,7,IGETC,success,5,75,True,17,17,17,18,6,0,
los_angeles_pierce,semester,UCB+UCD+UCI+UCM+UCR+UCSB+UCSD,7,IGETC,success,5,75,True,17,17,17,18,6,0,
los_angeles_pierce,semester,UCD+UCI+UCM+UCR+UCSB+UCSC+UCSD,7,IGETC,success,5,75,True,17,17,17,18,6,0,
los_angeles_pierce,semester,UCB+UCI+UCM+UCR+UCSB+UCSC+UCSD,7,IGETC,success,5,75,True,17,17,17,18,6,0,
los_angeles_pierce,semester,UCB+UCD+UCI+UCM+UCR+UCSC+UCSD,7,IGETC,success,5,72,True,17,17,17,18,3,0,
los_angeles_pierce,semester,UCB+UCD+UCI+UCM+UCSB+UCSC+UCSD,7,IGETC,success,5,75,True,17,17,17,18,6,0,
los_angeles_pierce,semester,UCB+UCD+UCM+UCR+UCSB+UCSC+UCSD,7,IGETC,success,5,75,True,17,17,17,18,6,0,
los_angeles_pierce,semester,UCB+UCD+UCI+UCLA+UCR+UCSB+UCSC,7,IGETC,success,5,75,True,17,17,17,18,6,0,
los_angeles_pierce,semester,UCB+UCD+UCI+UCLA+UCM+UCR+UCSB,7,IGETC,success,5,75,True,17,17,17,18,6,0,
los_angeles_pierce,semester,UCD+UCI+UCLA+UCM+UCR+UCSB+UCSC,7,IGETC,success,5,75,True,17,17,17,18,6,0,
los_angeles_pierce,semester,UCB+UCI+UCLA+UCM+UCR+UCSB+UCSC,7,IGETC,success,5,75,True,17,17,17,18,6,0,
los_angeles_pierce,semester,UCB+UCD+UCI+UCLA+UCM+UCR+UCSC,7,IGETC,success,5,75,True,17,17,17,18,6,0,
los_angeles_pierce,semester,UCB+UCD+UCI+UCLA+UCM+UCSB+UCSC,7,IGETC,success,5,75,True,17,17,17,18,6,0,
los_angeles_pierce,semester,UCB+UCD+UCLA+UCM+UCR+UCSB+UCSC,7,IGETC,success,5,75,True,17,17,17,18,6,0,
los_angeles_pierce,semester,UCB+UCD+UCI+UCM+UCR+UCSB+UCSC,7,IGETC,success,5,75,True,17,17,17,18,6,0,
los_angeles_pierce,semester,UCB+UCD+UCI+UCLA+UCR+UCSB+UCSC+UCSD,8,IGETC,success,5,75,True,17,17,17,18,6,0,
los_angeles_pierce,semester,UCB+UCD+UCI+UCLA+UCM+UCR+UCSB+UCSD,8,IGETC,success,5,75,True,17,17,17,18,6,0,
los_angeles_pierce,semester,UCD+UCI+UCLA+UCM+UCR+UCSB+UCSC+UCSD,8,IGETC,success,5,75,True,17,17,17,18,6,0,
los_angeles_pierce,semester,UCB+UCI+UCLA+UCM+UCR+UCSB+UCSC+UCSD,8,IGETC,success,5,75,True,17,17,17,18,6,0,
los_angeles_pierce,semester,UCB+UCD+UCI+UCLA+UCM+UCR+UCSC+UCSD,8,IGETC,success,5,75,True,17,17,17,18,6,0,
los_angeles_pierce,semester,UCB+UCD+UCI+UCLA+UCM+UCSB+UCSC+UCSD,8,IGETC,success,5,75,True,17,17,17,18,6,0,
los_angeles_pierce,semester,UCB+UCD+UCLA+UCM+UCR+UCSB+UCSC+UCSD,8,IGETC,success,5,75,True,17,17,17,18,6,0,
los_angeles_pierce,semester,UCB+UCD+UCI+UCM+UCR+UCSB+UCSC+UCSD,8,IGETC,success,5,75,True,17,17,17,18,6,0,
los_angeles_pierce,semester,UCB+UCD+UCI+UCLA+UCM+UCR+UCSB+UCSC,8,IGETC,success,5,75,True,17,17,17,18,6,0,
los_angeles_pierce,semester,UCB+UCD+UCI+UCLA+UCM+UCR+UCSB+UCSC+UCSD,9,IGETC,success,5,75,True,17,17,17,18,6,0,
