cc,ucs,uc_count,ge_pattern,status,total_terms,total_units,over_2_years,units_term_1,units_term_2,units_term_3,units_term_4,units_term_5,units_term_6,error
palomar,UCSD,1,IGETC,success,6,61,True,10,12,12,12,12,3,
palomar,UCLA,1,IGETC,success,6,62,True,10,10,12,12,12,6,
palomar,UCI,1,IGETC,success,5,58,True,12,10,12,12,12,0,
palomar,UCR,1,IGETC,success,4,45,False,12,12,12,9,0,0,
palomar,UCSB,1,IGETC,success,6,68,True,12,12,10,10,12,12,
palomar,UCD,1,IGETC,success,5,51,True,12,12,12,12,3,0,
palomar,UCB,1,IGETC,success,5,52,True,12,10,12,12,6,0,
palomar,UCSC,1,IGETC,success,6,59,True,10,12,10,12,12,3,
palomar,UCM,1,IGETC,success,6,62,True,10,10,12,12,12,6,
palomar,UCLA+UCSD,2,IGETC,success,6,67,True,10,12,12,12,12,9,
palomar,UCI+UCSD,2,IGETC,success,5,58,True,12,10,12,12,12,0,
palomar,UCR+UCSD,2,IGETC,success,5,54,True,12,12,12,12,6,0,
palomar,UCSB+UCSD,2,IGETC,success,6,66,True,12,12,12,12,12,6,
palomar,UCD+UCSD,2,IGETC,success,5,54,True,12,12,12,12,6,0,
palomar,UCB+UCSD,2,IGETC,success,5,55,True,12,10,12,12,9,0,
palomar,UCSC+UCSD,2,IGETC,success,6,61,True,10,12,12,12,12,3,
palomar,UCM+UCSD,2,IGETC,success,6,64,True,10,12,12,12,12,6,
palomar,UCI+UCLA,2,IGETC,success,5,58,True,12,10,12,12,12,0,
palomar,UCLA+UCR,2,IGETC,success,5,54,True,12,12,12,12,6,0,
palomar,UCLA+UCSB,2,IGETC,success,6,67,True,12,12,12,10,12,9,
palomar,UCD+UCLA,2,IGETC,success,5,57,True,12,12,12,12,9,0,
palomar,UCB+UCLA,2,IGETC,success,5,53,True,12,10,10,12,9,0,
palomar,UCLA+UCSC,2,IGETC,success,7,71,True,10,12,12,10,12,12,
palomar,UCLA+UCM,2,IGETC,success,6,65,True,10,10,12,12,12,9,
palomar,UCI+UCR,2,IGETC,success,5,51,True,12,12,12,12,3,0,
palomar,UCI+UCSB,2,IGETC,success,5,60,True,12,12,12,12,12,0,
palomar,UCD+UCI,2,IGETC,success,5,51,True,12,12,12,12,3,0,
palomar,UCB+UCI,2,IGETC,success,6,64,True,12,10,12,12,12,6,
palomar,UCI+UCSC,2,IGETC,success,6,61,True,12,10,12,12,12,3,
palomar,UCI+UCM,2,IGETC,success,5,55,True,12,10,12,12,9,0,
palomar,UCR+UCSB,2,IGETC,success,5,58,True,12,12,10,12,12,0,
palomar,UCD+UCR,2,IGETC,success,5,51,True,12,12,12,12,3,0,
palomar,UCB+UCR,2,IGETC,success,5,57,True,12,12,12,12,9,0,
palomar,UCR+UCSC,2,IGETC,success,4,48,False,12,12,12,12,0,0,
palomar,UCM+UCR,2,IGETC,success,5,54,True,12,12,12,12,6,0,
palomar,UCD+UCSB,2,IGETC,success,6,70,True,12,12,12,10,12,12,
palomar,UCB+UCSB,2,IGETC,success,5,58,True,12,10,12,12,12,0,
palomar,UCSB+UCSC,2,IGETC,success,7,71,True,12,12,10,10,12,12,
palomar,UCM+UCSB,2,IGETC,success,6,67,True,12,12,12,10,12,9,
palomar,UCB+UCD,2,IGETC,success,4,48,False,12,12,12,12,0,0,
palomar,UCD+UCSC,2,IGETC,success,5,51,True,12,12,12,12,3,0,
palomar,UCD+UCM,2,IGETC,success,5,57,True,12,12,12,12,9,0,
palomar,UCB+UCSC,2,IGETC,success,6,68,True,12,10,12,10,12,12,
palomar,UCB+UCM,2,IGETC,success,6,62,True,12,10,12,10,12,6,
palomar,UCM+UCSC,2,IGETC,success,6,68,True,10,12,12,10,12,12,
palomar,UCI+UCLA+UCSD,3,IGETC,success,6,61,True,12,10,12,12,12,3,
palomar,UCLA+UCR+UCSD,3,IGETC,success,6,66,True,12,12,12,12,12,6,
palomar,UCLA+UCSB+UCSD,3,IGETC,success,6,66,True,12,12,12,12,12,6,
palomar,UCD+UCLA+UCSD,3,IGETC,success,6,69,True,12,12,12,12,12,9,
palomar,UCB+UCLA+UCSD,3,IGETC,success,5,58,True,12,10,12,12,12,0,
palomar,UCLA+UCSC+UCSD,3,IGETC,success,6,67,True,10,12,12,12,12,9,
palomar,UCLA+UCM+UCSD,3,IGETC,success,6,67,True,10,12,12,12,12,9,
palomar,UCI+UCR+UCSD,3,IGETC,success,5,51,True,12,12,12,12,3,0,
palomar,UCI+UCSB+UCSD,3,IGETC,success,5,60,True,12,12,12,12,12,0,
palomar,UCD+UCI+UCSD,3,IGETC,success,5,51,True,12,12,12,12,3,0,
palomar,UCB+UCI+UCSD,3,IGETC,success,5,58,True,12,10,12,12,12,0,
palomar,UCI+UCSC+UCSD,3,IGETC,success,6,61,True,12,10,12,12,12,3,
palomar,UCI+UCM+UCSD,3,IGETC,success,5,58,True,12,10,12,12,12,0,
palomar,UCR+UCSB+UCSD,3,IGETC,success,5,57,True,12,12,12,12,9,0,
palomar,UCD+UCR+UCSD,3,IGETC,success,5,54,True,12,12,12,12,6,0,
palomar,UCB+UCR+UCSD,3,IGETC,success,4,48,False,12,12,12,12,0,0,
palomar,UCR+UCSC+UCSD,3,IGETC,success,5,54,True,12,12,12,12,6,0,
palomar,UCM+UCR+UCSD,3,IGETC,success,5,57,True,12,12,12,12,9,0,
palomar,UCD+UCSB+UCSD,3,IGETC,success,6,69,True,12,12,12,12,12,9,
palomar,UCB+UCSB+UCSD,3,IGETC,success,5,57,True,12,12,12,12,9,0,
palomar,UCSB+UCSC+UCSD,3,IGETC,success,6,66,True,12,12,12,12,12,6,
palomar,UCM+UCSB+UCSD,3,IGETC,success,6,66,True,12,12,12,12,12,6,
palomar,UCB+UCD+UCSD,3,IGETC,success,4,48,False,12,12,12,12,0,0,
palomar,UCD+UCSC+UCSD,3,IGETC,success,5,54,True,12,12,12,12,6,0,
palomar,UCD+UCM+UCSD,3,IGETC,success,5,57,True,12,12,12,12,9,0,
palomar,UCB+UCSC+UCSD,3,IGETC,success,5,58,True,12,10,12,12,12,0,
palomar,UCB+UCM+UCSD,3,IGETC,success,5,55,True,12,10,12,12,9,0,
palomar,UCM+UCSC+UCSD,3,IGETC,success,6,64,True,10,12,12,12,12,6,
palomar,UCI+UCLA+UCR,3,IGETC,success,4,48,False,12,12,12,12,0,0,
palomar,UCI+UCLA+UCSB,3,IGETC,success,5,60,True,12,12,12,12,12,0,
palomar,UCD+UCI+UCLA,3,IGETC,success,5,51,True,12,12,12,12,3,0,
palomar,UCB+UCI+UCLA,3,IGETC,success,5,58,True,12,10,12,12,12,0,
palomar,UCI+UCLA+UCSC,3,IGETC,success,6,64,True,12,10,12,12,12,6,
palomar,UCI+UCLA+UCM,3,IGETC,success,5,58,True,12,10,12,12,12,0,
palomar,UCLA+UCR+UCSB,3,IGETC,success,5,57,True,12,12,12,12,9,0,
palomar,UCD+UCLA+UCR,3,IGETC,success,5,57,True,12,12,12,12,9,0,
palomar,UCB+UCLA+UCR,3,IGETC,success,4,45,False,12,12,12,9,0,0,
palomar,UCLA+UCR+UCSC,3,IGETC,success,5,57,True,12,12,12,12,9,0,
palomar,UCLA+UCM+UCR,3,IGETC,success,5,54,True,12,12,12,12,6,0,
palomar,UCD+UCLA+UCSB,3,IGETC,success,6,70,True,12,12,12,10,12,12,
palomar,UCB+UCLA+UCSB,3,IGETC,success,5,58,True,12,10,12,12,12,0,
palomar,UCLA+UCSB+UCSC,3,IGETC,success,6,70,True,12,12,12,10,12,12,
palomar,UCLA+UCM+UCSB,3,IGETC,success,6,67,True,12,12,12,10,12,9,
palomar,UCB+UCD+UCLA,3,IGETC,success,4,48,False,12,12,12,12,0,0,
palomar,UCD+UCLA+UCSC,3,IGETC,success,5,57,True,12,12,12,12,9,0,
palomar,UCD+UCLA+UCM,3,IGETC,success,5,57,True,12,12,12,12,9,0,
palomar,UCB+UCLA+UCSC,3,IGETC,success,6,62,True,12,10,10,12,12,6,
palomar,UCB+UCLA+UCM,3,IGETC,success,5,56,True,12,10,10,12,12,0,
palomar,UCLA+UCM+UCSC,3,IGETC,success,7,71,True,10,12,12,10,12,12,
palomar,UCI+UCR+UCSB,3,IGETC,success,5,51,True,12,12,12,12,3,0,
palomar,UCD+UCI+UCR,3,IGETC,success,5,51,True,12,12,12,12,3,0,
palomar,UCB+UCI+UCR,3,IGETC,success,5,60,True,12,12,12,12,12,0,
palomar,UCI+UCR+UCSC,3,IGETC,success,5,51,True,12,12,12,12,3,0,
palomar,UCI+UCM+UCR,3,IGETC,success,4,48,False,12,12,12,12,0,0,
palomar,UCD+UCI+UCSB,3,IGETC,success,6,63,True,12,12,12,12,12,3,
palomar,UCB+UCI+UCSB,3,IGETC,success,5,60,True,12,12,12,12,12,0,
palomar,UCI+UCSB+UCSC,3,IGETC,success,6,63,True,12,12,12,12,12,3,
palomar,UCI+UCM+UCSB,3,IGETC,success,5,60,True,12,12,12,12,12,0,
palomar,UCB+UCD+UCI,3,IGETC,success,5,51,True,12,12,12,12,3,0,
palomar,UCD+UCI+UCSC,3,IGETC,success,5,51,True,12,12,12,12,3,0,
palomar,UCD+UCI+UCM,3,IGETC,success,5,51,True,12,12,12,12,3,0,
palomar,UCB+UCI+UCSC,3,IGETC,success,6,70,True,12,10,12,12,12,12,
palomar,UCB+UCI+UCM,3,IGETC,success,6,64,True,12,10,12,12,12,6,
palomar,UCI+UCM+UCSC,3,IGETC,success,6,61,True,12,10,12,12,12,3,
palomar,UCD+UCR+UCSB,3,IGETC,success,5,57,True,12,12,12,12,9,0,
palomar,UCB+UCR+UCSB,3,IGETC,success,4,48,False,12,12,12,12,0,0,
palomar,UCR+UCSB+UCSC,3,IGETC,success,5,58,True,12,12,10,12,12,0,
palomar,UCM+UCR+UCSB,3,IGETC,success,5,57,True,12,12,12,12,9,0,
palomar,UCB+UCD+UCR,3,IGETC,success,5,60,True,12,12,12,12,12,0,
palomar,UCD+UCR+UCSC,3,IGETC,success,5,51,True,12,12,12,12,3,0,
palomar,UCD+UCM+UCR,3,IGETC,success,5,57,True,12,12,12,12,9,0,
palomar,UCB+UCR+UCSC,3,IGETC,success,5,57,True,12,12,12,12,9,0,
palomar,UCB+UCM+UCR,3,IGETC,success,5,57,True,12,12,12,12,9,0,
palomar,UCM+UCR+UCSC,3,IGETC,success,5,57,True,12,12,12,12,9,0,
palomar,UCB+UCD+UCSB,3,IGETC,success,6,61,True,12,10,12,12,12,3,
palomar,UCD+UCSB+UCSC,3,IGETC,success,6,70,True,12,12,12,10,12,12,
palomar,UCD+UCM+UCSB,3,IGETC,success,6,70,True,12,12,12,10,12,12,
palomar,UCB+UCSB+UCSC,3,IGETC,success,6,61,True,12,10,12,12,12,3,
palomar,UCB+UCM+UCSB,3,IGETC,success,5,58,True,12,10,12,12,12,0,
palomar,UCM+UCSB+UCSC,3,IGETC,success,6,70,True,12,12,12,10,12,12,
palomar,UCB+UCD+UCSC,3,IGETC,success,4,48,False,12,12,12,12,0,0,
palomar,UCB+UCD+UCM,3,IGETC,success,4,48,False,12,12,12,12,0,0,
palomar,UCD+UCM+UCSC,3,IGETC,success,5,57,True,12,12,12,12,9,0,
palomar,UCB+UCM+UCSC,3,IGETC,success,6,68,True,12,10,12,10,12,12,
palomar,UCI+UCLA+UCR+UCSD,4,IGETC,success,5,60,True,12,12,12,12,12,0,
palomar,UCI+UCLA+UCSB+UCSD,4,IGETC,success,5,60,True,12,12,12,12,12,0,
palomar,UCD+UCI+UCLA+UCSD,4,IGETC,success,6,63,True,12,12,12,12,12,3,
palomar,UCB+UCI+UCLA+UCSD,4,IGETC,success,6,61,True,12,10,12,12,12,3,
palomar,UCI+UCLA+UCSC+UCSD,4,IGETC,success,6,64,True,12,10,12,12,12,6,
palomar,UCI+UCLA+UCM+UCSD,4,IGETC,success,6,61,True,12,10,12,12,12,3,
palomar,UCLA+UCR+UCSB+UCSD,4,IGETC,success,6,66,True,12,12,12,12,12,6,
palomar,UCD+UCLA+UCR+UCSD,4,IGETC,success,6,69,True,12,12,12,12,12,9,
palomar,UCB+UCLA+UCR+UCSD,4,IGETC,success,5,57,True,12,12,12,12,9,0,
palomar,UCLA+UCR+UCSC+UCSD,4,IGETC,success,6,66,True,12,12,12,12,12,6,
palomar,UCLA+UCM+UCR+UCSD,4,IGETC,success,6,66,True,12,12,12,12,12,6,
palomar,UCD+UCLA+UCSB+UCSD,4,IGETC,success,6,69,True,12,12,12,12,12,9,
palomar,UCB+UCLA+UCSB+UCSD,4,IGETC,success,5,57,True,12,12,12,12,9,0,
palomar,UCLA+UCSB+UCSC+UCSD,4,IGETC,success,6,66,True,12,12,12,12,12,6,
palomar,UCLA+UCM+UCSB+UCSD,4,IGETC,success,6,66,True,12,12,12,12,12,6,
palomar,UCB+UCD+UCLA+UCSD,4,IGETC,success,5,60,True,12,12,12,12,12,0,
palomar,UCD+UCLA+UCSC+UCSD,4,IGETC,success,6,66,True,12,12,12,12,12,6,
palomar,UCD+UCLA+UCM+UCSD,4,IGETC,success,6,69,True,12,12,12,12,12,9,
palomar,UCB+UCLA+UCSC+UCSD,4,IGETC,success,6,61,True,12,10,12,12,12,3,
palomar,UCB+UCLA+UCM+UCSD,4,IGETC,success,5,58,True,12,10,12,12,12,0,
palomar,UCLA+UCM+UCSC+UCSD,4,IGETC,success,6,67,True,10,12,12,12,12,9,
palomar,UCI+UCR+UCSB+UCSD,4,IGETC,success,5,51,True,12,12,12,12,3,0,
palomar,UCD+UCI+UCR+UCSD,4,IGETC,success,5,51,True,12,12,12,12,3,0,
palomar,UCB+UCI+UCR+UCSD,4,IGETC,success,5,51,True,12,12,12,12,3,0,
palomar,UCI+UCR+UCSC+UCSD,4,IGETC,success,5,51,True,12,12,12,12,3,0,
palomar,UCI+UCM+UCR+UCSD,4,IGETC,success,5,51,True,12,12,12,12,3,0,
palomar,UCD+UCI+UCSB+UCSD,4,IGETC,success,6,63,True,12,12,12,12,12,3,
palomar,UCB+UCI+UCSB+UCSD,4,IGETC,success,5,60,True,12,12,12,12,12,0,
palomar,UCI+UCSB+UCSC+UCSD,4,IGETC,success,6,63,True,12,12,12,12,12,3,
palomar,UCI+UCM+UCSB+UCSD,4,IGETC,success,5,60,True,12,12,12,12,12,0,
palomar,UCB+UCD+UCI+UCSD,4,IGETC,success,5,51,True,12,12,12,12,3,0,
palomar,UCD+UCI+UCSC+UCSD,4,IGETC,success,5,51,True,12,12,12,12,3,0,
palomar,UCD+UCI+UCM+UCSD,4,IGETC,success,5,51,True,12,12,12,12,3,0,
palomar,UCB+UCI+UCSC+UCSD,4,IGETC,success,6,61,True,12,10,12,12,12,3,
palomar,UCB+UCI+UCM+UCSD,4,IGETC,success,5,58,True,12,10,12,12,12,0,
palomar,UCI+UCM+UCSC+UCSD,4,IGETC,success,6,61,True,12,10,12,12,12,3,
palomar,UCD+UCR+UCSB+UCSD,4,IGETC,success,5,57,True,12,12,12,12,9,0,
palomar,UCB+UCR+UCSB+UCSD,4,IGETC,success,4,48,False,12,12,12,12,0,0,
palomar,UCR+UCSB+UCSC+UCSD,4,IGETC,success,5,57,True,12,12,12,12,9,0,
palomar,UCM+UCR+UCSB+UCSD,4,IGETC,success,5,57,True,12,12,12,12,9,0,
palomar,UCB+UCD+UCR+UCSD,4,IGETC,success,4,48,False,12,12,12,12,0,0,
palomar,UCD+UCR+UCSC+UCSD,4,IGETC,success,5,54,True,12,12,12,12,6,0,
palomar,UCD+UCM+UCR+UCSD,4,IGETC,success,5,57,True,12,12,12,12,9,0,
palomar,UCB+UCR+UCSC+UCSD,4,IGETC,success,4,48,False,12,12,12,12,0,0,
palomar,UCB+UCM+UCR+UCSD,4,IGETC,success,4,48,False,12,12,12,12,0,0,
palomar,UCM+UCR+UCSC+UCSD,4,IGETC,success,5,57,True,12,12,12,12,9,0,
palomar,UCB+UCD+UCSB+UCSD,4,IGETC,success,5,60,True,12,12,12,12,12,0,
palomar,UCD+UCSB+UCSC+UCSD,4,IGETC,success,6,66,True,12,12,12,12,12,6,
palomar,UCD+UCM+UCSB+UCSD,4,IGETC,success,6,69,True,12,12,12,12,12,9,
palomar,UCB+UCSB+UCSC+UCSD,4,IGETC,success,5,60,True,12,12,12,12,12,0,
palomar,UCB+UCM+UCSB+UCSD,4,IGETC,success,5,57,True,12,12,12,12,9,0,
palomar,UCM+UCSB+UCSC+UCSD,4,IGETC,success,6,66,True,12,12,12,12,12,6,
palomar,UCB+UCD+UCSC+UCSD,4,IGETC,success,4,48,False,12,12,12,12,0,0,
palomar,UCB+UCD+UCM+UCSD,4,IGETC,success,4,48,False,12,12,12,12,0,0,
palomar,UCD+UCM+UCSC+UCSD,4,IGETC,success,5,57,True,12,12,12,12,9,0,
palomar,UCB+UCM+UCSC+UCSD,4,IGETC,success,5,58,True,12,10,12,12,12,0,
palomar,UCI+UCLA+UCR+UCSB,4,IGETC,success,5,51,True,12,12,12,12,3,0,
palomar,UCD+UCI+UCLA+UCR,4,IGETC,success,5,51,True,12,12,12,12,3,0,
palomar,UCB+UCI+UCLA+UCR,4,IGETC,success,4,48,False,12,12,12,12,0,0,
palomar,UCI+UCLA+UCR+UCSC,4,IGETC,success,5,51,True,12,12,12,12,3,0,
palomar,UCI+UCLA+UCM+UCR,4,IGETC,success,4,48,False,12,12,12,12,0,0,
palomar,UCD+UCI+UCLA+UCSB,4,IGETC,success,6,63,True,12,12,12,12,12,3,
palomar,UCB+UCI+UCLA+UCSB,4,IGETC,success,5,60,True,12,12,12,12,12,0,
palomar,UCI+UCLA+UCSB+UCSC,4,IGETC,success,6,63,True,12,12,12,12,12,3,
palomar,UCI+UCLA+UCM+UCSB,4,IGETC,success,5,60,True,12,12,12,12,12,0,
palomar,UCB+UCD+UCI+UCLA,4,IGETC,success,5,51,True,12,12,12,12,3,0,
palomar,UCD+UCI+UCLA+UCSC,4,IGETC,success,5,51,True,12,12,12,12,3,0,
palomar,UCD+UCI+UCLA+UCM,4,IGETC,success,5,51,True,12,12,12,12,3,0,
palomar,UCB+UCI+UCLA+UCSC,4,IGETC,success,6,64,True,12,10,12,12,12,6,
palomar,UCB+UCI+UCLA+UCM,4,IGETC,success,5,58,True,12,10,12,12,12,0,
palomar,UCI+UCLA+UCM+UCSC,4,IGETC,success,6,64,True,12,10,12,12,12,6,
palomar,UCD+UCLA+UCR+UCSB,4,IGETC,success,5,57,True,12,12,12,12,9,0,
palomar,UCB+UCLA+UCR+UCSB,4,IGETC,success,4,48,False,12,12,12,12,0,0,
palomar,UCLA+UCR+UCSB+UCSC,4,IGETC,success,5,57,True,12,12,12,12,9,0,
palomar,UCLA+UCM+UCR+UCSB,4,IGETC,success,5,57,True,12,12,12,12,9,0,
palomar,UCB+UCD+UCLA+UCR,4,IGETC,success,4,48,False,12,12,12,12,0,0,
palomar,UCD+UCLA+UCR+UCSC,4,IGETC,success,5,57,True,12,12,12,12,9,0,
palomar,UCD+UCLA+UCM+UCR,4,IGETC,success,5,57,True,12,12,12,12,9,0,
palomar,UCB+UCLA+UCR+UCSC,4,IGETC,success,4,48,False,12,12,12,12,0,0,
palomar,UCB+UCLA+UCM+UCR,4,IGETC,success,4,45,False,12,12,12,9,0,0,
palomar,UCLA+UCM+UCR+UCSC,4,IGETC,success,5,57,True,12,12,12,12,9,0,
palomar,UCB+UCD+UCLA+UCSB,4,IGETC,success,6,61,True,12,10,12,12,12,3,
palomar,UCD+UCLA+UCSB+UCSC,4,IGETC,success,6,70,True,12,12,12,10,12,12,
palomar,UCD+UCLA+UCM+UCSB,4,IGETC,success,6,70,True,12,12,12,10,12,12,
palomar,UCB+UCLA+UCSB+UCSC,4,IGETC,success,6,61,True,12,10,12,12,12,3,
palomar,UCB+UCLA+UCM+UCSB,4,IGETC,success,5,58,True,12,10,12,12,12,0,
palomar,UCLA+UCM+UCSB+UCSC,4,IGETC,success,6,70,True,12,12,12,10,12,12,
palomar,UCB+UCD+UCLA+UCSC,4,IGETC,success,4,48,False,12,12,12,12,0,0,
palomar,UCB+UCD+UCLA+UCM,4,IGETC,success,4,48,False,12,12,12,12,0,0,
palomar,UCD+UCLA+UCM+UCSC,4,IGETC,success,5,57,True,12,12,12,12,9,0,
palomar,UCB+UCLA+UCM+UCSC,4,IGETC,success,6,62,True,12,10,10,12,12,6,
palomar,UCD+UCI+UCR+UCSB,4,IGETC,success,5,51,True,12,12,12,12,3,0,
palomar,UCB+UCI+UCR+UCSB,4,IGETC,success,5,51,True,12,12,12,12,3,0,
palomar,UCI+UCR+UCSB+UCSC,4,IGETC,success,5,51,True,12,12,12,12,3,0,
palomar,UCI+UCM+UCR+UCSB,4,IGETC,success,5,51,True,12,12,12,12,3,0,
palomar,UCB+UCD+UCI+UCR,4,IGETC,success,5,51,True,12,12,12,12,3,0,
palomar,UCD+UCI+UCR+UCSC,4,IGETC,success,5,51,True,12,12,12,12,3,0,
palomar,UCD+UCI+UCM+UCR,4,IGETC,success,5,51,True,12,12,12,12,3,0,
palomar,UCB+UCI+UCR+UCSC,4,IGETC,success,6,63,True,12,12,12,12,12,3,
palomar,UCB+UCI+UCM+UCR,4,IGETC,success,5,60,True,12,12,12,12,12,0,
palomar,UCI+UCM+UCR+UCSC,4,IGETC,success,5,51,True,12,12,12,12,3,0,
palomar,UCB+UCD+UCI+UCSB,4,IGETC,success,6,63,True,12,12,12,12,12,3,
palomar,UCD+UCI+UCSB+UCSC,4,IGETC,success,6,63,True,12,12,12,12,12,3,
palomar,UCD+UCI+UCM+UCSB,4,IGETC,success,6,63,True,12,12,12,12,12,3,
palomar,UCB+UCI+UCSB+UCSC,4,IGETC,success,6,63,True,12,12,12,12,12,3,
palomar,UCB+UCI+UCM+UCSB,4,IGETC,success,5,60,True,12,12,12,12,12,0,
palomar,UCI+UCM+UCSB+UCSC,4,IGETC,success,6,63,True,12,12,12,12,12,3,
palomar,UCB+UCD+UCI+UCSC,4,IGETC,success,5,51,True,12,12,12,12,3,0,
palomar,UCB+UCD+UCI+UCM,4,IGETC,success,5,51,True,12,12,12,12,3,0,
palomar,UCD+UCI+UCM+UCSC,4,IGETC,success,5,51,True,12,12,12,12,3,0,
palomar,UCB+UCI+UCM+UCSC,4,IGETC,success,6,70,True,12,10,12,12,12,12,
palomar,UCB+UCD+UCR+UCSB,4,IGETC,success,4,48,False,12,12,12,12,0,0,
palomar,UCD+UCR+UCSB+UCSC,4,IGETC,success,5,57,True,12,12,12,12,9,0,
palomar,UCD+UCM+UCR+UCSB,4,IGETC,success,5,57,True,12,12,12,12,9,0,
palomar,UCB+UCR+UCSB+UCSC,4,IGETC,success,4,48,False,12,12,12,12,0,0,
palomar,UCB+UCM+UCR+UCSB,4,IGETC,success,4,48,False,12,12,12,12,0,0,
palomar,UCM+UCR+UCSB+UCSC,4,IGETC,success,5,57,True,12,12,12,12,9,0,
palomar,UCB+UCD+UCR+UCSC,4,IGETC,success,5,60,True,12,12,12,12,12,0,
palomar,UCB+UCD+UCM+UCR,4,IGETC,success,5,60,True,12,12,12,12,12,0,
palomar,UCD+UCM+UCR+UCSC,4,IGETC,success,5,57,True,12,12,12,12,9,0,
palomar,UCB+UCM+UCR+UCSC,4,IGETC,success,5,57,True,12,12,12,12,9,0,
palomar,UCB+UCD+UCSB+UCSC,4,IGETC,success,6,61,True,12,10,12,12,12,3,
palomar,UCB+UCD+UCM+UCSB,4,IGETC,success,6,61,True,12,10,12,12,12,3,
palomar,UCD+UCM+UCSB+UCSC,4,IGETC,success,6,70,True,12,12,12,10,12,12,
palomar,UCB+UCM+UCSB+UCSC,4,IGETC,success,6,61,True,12,10,12,12,12,3,
palomar,UCB+UCD+UCM+UCSC,4,IGETC,success,4,48,False,12,12,12,12,0,0,
palomar,UCI+UCLA+UCR+UCSB+UCSD,5,IGETC,success,5,60,True,12,12,12,12,12,0,
palomar,UCD+UCI+UCLA+UCR+UCSD,5,IGETC,success,6,63,True,12,12,12,12,12,3,
palomar,UCB+UCI+UCLA+UCR+UCSD,5,IGETC,success,5,60,True,12,12,12,12,12,0,
palomar,UCI+UCLA+UCR+UCSC+UCSD,5,IGETC,success,6,63,True,12,12,12,12,12,3,
palomar,UCI+UCLA+UCM+UCR+UCSD,5,IGETC,success,5,60,True,12,12,12,12,12,0,
palomar,UCD+UCI+UCLA+UCSB+UCSD,5,IGETC,success,6,63,True,12,12,12,12,12,3,
palomar,UCB+UCI+UCLA+UCSB+UCSD,5,IGETC,success,5,60,True,12,12,12,12,12,0,
palomar,UCI+UCLA+UCSB+UCSC+UCSD,5,IGETC,success,6,63,True,12,12,12,12,12,3,
palomar,UCI+UCLA+UCM+UCSB+UCSD,5,IGETC,success,5,60,True,12,12,12,12,12,0,
palomar,UCB+UCD+UCI+UCLA+UCSD,5,IGETC,success,6,63,True,12,12,12,12,12,3,
palomar,UCD+UCI+UCLA+UCSC+UCSD,5,IGETC,success,6,63,True,12,12,12,12,12,3,
palomar,UCD+UCI+UCLA+UCM+UCSD,5,IGETC,success,6,63,True,12,12,12,12,12,3,
palomar,UCB+UCI+UCLA+UCSC+UCSD,5,IGETC,success,6,64,True,12,10,12,12,12,6,
palomar,UCB+UCI+UCLA+UCM+UCSD,5,IGETC,success,6,61,True,12,10,12,12,12,3,
palomar,UCI+UCLA+UCM+UCSC+UCSD,5,IGETC,success,6,64,True,12,10,12,12,12,6,
palomar,UCD+UCLA+UCR+UCSB+UCSD,5,IGETC,success,6,69,True,12,12,12,12,12,9,
palomar,UCB+UCLA+UCR+UCSB+UCSD,5,IGETC,success,5,57,True,12,12,12,12,9,0,
palomar,UCLA+UCR+UCSB+UCSC+UCSD,5,IGETC,success,6,66,True,12,12,12,12,12,6,
palomar,UCLA+UCM+UCR+UCSB+UCSD,5,IGETC,success,6,66,True,12,12,12,12,12,6,
palomar,UCB+UCD+UCLA+UCR+UCSD,5,IGETC,success,5,60,True,12,12,12,12,12,0,
palomar,UCD+UCLA+UCR+UCSC+UCSD,5,IGETC,success,6,66,True,12,12,12,12,12,6,
palomar,UCD+UCLA+UCM+UCR+UCSD,5,IGETC,success,6,69,True,12,12,12,12,12,9,
palomar,UCB+UCLA+UCR+UCSC+UCSD,5,IGETC,success,5,60,True,12,12,12,12,12,0,
palomar,UCB+UCLA+UCM+UCR+UCSD,5,IGETC,success,5,57,True,12,12,12,12,9,0,
palomar,UCLA+UCM+UCR+UCSC+UCSD,5,IGETC,success,6,66,True,12,12,12,12,12,6,
palomar,UCB+UCD+UCLA+UCSB+UCSD,5,IGETC,success,5,60,True,12,12,12,12,12,0,
palomar,UCD+UCLA+UCSB+UCSC+UCSD,5,IGETC,success,6,66,True,12,12,12,12,12,6,
palomar,UCD+UCLA+UCM+UCSB+UCSD,5,IGETC,success,6,69,True,12,12,12,12,12,9,
palomar,UCB+UCLA+UCSB+UCSC+UCSD,5,IGETC,success,5,60,True,12,12,12,12,12,0,
palomar,UCB+UCLA+UCM+UCSB+UCSD,5,IGETC,success,5,57,True,12,12,12,12,9,0,
palomar,UCLA+UCM+UCSB+UCSC+UCSD,5,IGETC,success,6,66,True,12,12,12,12,12,6,
palomar,UCB+UCD+UCLA+UCSC+UCSD,5,IGETC,success,5,60,True,12,12,12,12,12,0,
palomar,UCB+UCD+UCLA+UCM+UCSD,5,IGETC,success,5,60,True,12,12,12,12,12,0,
palomar,UCD+UCLA+UCM+UCSC+UCSD,5,IGETC,success,6,66,True,12,12,12,12,12,6,
palomar,UCB+UCLA+UCM+UCSC+UCSD,5,IGETC,success,6,61,True,12,10,12,12,12,3,
palomar,UCD+UCI+UCR+UCSB+UCSD,5,IGETC,success,5,51,True,12,12,12,12,3,0,
palomar,UCB+UCI+UCR+UCSB+UCSD,5,IGETC,success,5,51,True,12,12,12,12,3,0,
palomar,UCI+UCR+UCSB+UCSC+UCSD,5,IGETC,success,5,51,True,12,12,12,12,3,0,
palomar,UCI+UCM+UCR+UCSB+UCSD,5,IGETC,success,5,51,True,12,12,12,12,3,0,
palomar,UCB+UCD+UCI+UCR+UCSD,5,IGETC,success,5,51,True,12,12,12,12,3,0,
palomar,UCD+UCI+UCR+UCSC+UCSD,5,IGETC,success,5,51,True,12,12,12,12,3,0,
palomar,UCD+UCI+UCM+UCR+UCSD,5,IGETC,success,5,51,True,12,12,12,12,3,0,
palomar,UCB+UCI+UCR+UCSC+UCSD,5,IGETC,success,5,51,True,12,12,12,12,3,0,
palomar,UCB+UCI+UCM+UCR+UCSD,5,IGETC,success,5,51,True,12,12,12,12,3,0,
palomar,UCI+UCM+UCR+UCSC+UCSD,5,IGETC,success,5,51,True,12,12,12,12,3,0,
palomar,UCB+UCD+UCI+UCSB+UCSD,5,IGETC,success,6,63,True,12,12,12,12,12,3,
palomar,UCD+UCI+UCSB+UCSC+UCSD,5,IGETC,success,6,63,True,12,12,12,12,12,3,
palomar,UCD+UCI+UCM+UCSB+UCSD,5,IGETC,success,6,63,True,12,12,12,12,12,3,
palomar,UCB+UCI+UCSB+UCSC+UCSD,5,IGETC,success,6,63,True,12,12,12,12,12,3,
palomar,UCB+UCI+UCM+UCSB+UCSD,5,IGETC,success,5,60,True,12,12,12,12,12,0,
palomar,UCI+UCM+UCSB+UCSC+UCSD,5,IGETC,success,6,63,True,12,12,12,12,12,3,
palomar,UCB+UCD+UCI+UCSC+UCSD,5,IGETC,success,5,51,True,12,12,12,12,3,0,
palomar,UCB+UCD+UCI+UCM+UCSD,5,IGETC,success,5,51,True,12,12,12,12,3,0,
palomar,UCD+UCI+UCM+UCSC+UCSD,5,IGETC,success,5,51,True,12,12,12,12,3,0,
palomar,UCB+UCI+UCM+UCSC+UCSD,5,IGETC,success,6,61,True,12,10,12,12,12,3,
palomar,UCB+UCD+UCR+UCSB+UCSD,5,IGETC,success,4,48,False,12,12,12,12,0,0,
palomar,UCD+UCR+UCSB+UCSC+UCSD,5,IGETC,success,5,57,True,12,12,12,12,9,0,
palomar,UCD+UCM+UCR+UCSB+UCSD,5,IGETC,success,5,57,True,12,12,12,12,9,0,
palomar,UCB+UCR+UCSB+UCSC+UCSD,5,IGETC,success,4,48,False,12,12,12,12,0,0,
palomar,UCB+UCM+UCR+UCSB+UCSD,5,IGETC,success,4,48,False,12,12,12,12,0,0,
palomar,UCM+UCR+UCSB+UCSC+UCSD,5,IGETC,success,5,57,True,12,12,12,12,9,0,
palomar,UCB+UCD+UCR+UCSC+UCSD,5,IGETC,success,4,48,False,12,12,12,12,0,0,
palomar,UCB+UCD+UCM+UCR+UCSD,5,IGETC,success,4,48,False,12,12,12,12,0,0,
palomar,UCD+UCM+UCR+UCSC+UCSD,5,IGETC,success,5,57,True,12,12,12,12,9,0,
palomar,UCB+UCM+UCR+UCSC+UCSD,5,IGETC,success,4,48,False,12,12,12,12,0,0,
palomar,UCB+UCD+UCSB+UCSC+UCSD,5,IGETC,success,5,60,True,12,12,12,12,12,0,
palomar,UCB+UCD+UCM+UCSB+UCSD,5,IGETC,success,5,60,True,12,12,12,12,12,0,
palomar,UCD+UCM+UCSB+UCSC+UCSD,5,IGETC,success,6,66,True,12,12,12,12,12,6,
palomar,UCB+UCM+UCSB+UCSC+UCSD,5,IGETC,success,5,60,True,12,12,12,12,12,0,
palomar,UCB+UCD+UCM+UCSC+UCSD,5,IGETC,success,4,48,False,12,12,12,12,0,0,
palomar,UCD+UCI+UCLA+UCR+UCSB,5,IGETC,success,5,51,True,12,12,12,12,3,0,
palomar,UCB+UCI+UCLA+UCR+UCSB,5,IGETC,success,5,51,True,12,12,12,12,3,0,
palomar,UCI+UCLA+UCR+UCSB+UCSC,5,IGETC,success,5,51,True,12,12,12,12,3,0,
palomar,UCI+UCLA+UCM+UCR+UCSB,5,IGETC,success,5,51,True,12,12,12,12,3,0,
palomar,UCB+UCD+UCI+UCLA+UCR,5,IGETC,success,5,51,True,12,12,12,12,3,0,
palomar,UCD+UCI+UCLA+UCR+UCSC,5,IGETC,success,5,51,True,12,12,12,12,3,0,
palomar,UCD+UCI+UCLA+UCM+UCR,5,IGETC,success,5,51,True,12,12,12,12,3,0,
palomar,UCB+UCI+UCLA+UCR+UCSC,5,IGETC,success,5,51,True,12,12,12,12,3,0,
palomar,UCB+UCI+UCLA+UCM+UCR,5,IGETC,success,4,48,False,12,12,12,12,0,0,
palomar,UCI+UCLA+UCM+UCR+UCSC,5,IGETC,success,5,51,True,12,12,12,12,3,0,
palomar,UCB+UCD+UCI+UCLA+UCSB,5,IGETC,success,6,63,True,12,12,12,12,12,3,
palomar,UCD+UCI+UCLA+UCSB+UCSC,5,IGETC,success,6,63,True,12,12,12,12,12,3,
palomar,UCD+UCI+UCLA+UCM+UCSB,5,IGETC,success,6,63,True,12,12,12,12,12,3,
palomar,UCB+UCI+UCLA+UCSB+UCSC,5,IGETC,success,6,63,True,12,12,12,12,12,3,
palomar,UCB+UCI+UCLA+UCM+UCSB,5,IGETC,success,5,60,True,12,12,12,12,12,0,
palomar,UCI+UCLA+UCM+UCSB+UCSC,5,IGETC,success,6,63,True,12,12,12,12,12,3,
palomar,UCB+UCD+UCI+UCLA+UCSC,5,IGETC,success,5,51,True,12,12,12,12,3,0,
palomar,UCB+UCD+UCI+UCLA+UCM,5,IGETC,success,5,51,True,12,12,12,12,3,0,
palomar,UCD+UCI+UCLA+UCM+UCSC,5,IGETC,success,5,51,True,12,12,12,12,3,0,
palomar,UCB+UCI+UCLA+UCM+UCSC,5,IGETC,success,6,64,True,12,10,12,12,12,6,
palomar,UCB+UCD+UCLA+UCR+UCSB,5,IGETC,success,4,48,False,12,12,12,12,0,0,
palomar,UCD+UCLA+UCR+UCSB+UCSC,5,IGETC,success,5,57,True,12,12,12,12,9,0,
palomar,UCD+UCLA+UCM+UCR+UCSB,5,IGETC,success,5,57,True,12,12,12,12,9,0,
palomar,UCB+UCLA+UCR+UCSB+UCSC,5,IGETC,success,4,48,False,12,12,12,12,0,0,
palomar,UCB+UCLA+UCM+UCR+UCSB,5,IGETC,success,4,48,False,12,12,12,12,0,0,
palomar,UCLA+UCM+UCR+UCSB+UCSC,5,IGETC,success,5,57,True,12,12,12,12,9,0,
palomar,UCB+UCD+UCLA+UCR+UCSC,5,IGETC,success,4,48,False,12,12,12,12,0,0,
palomar,UCB+UCD+UCLA+UCM+UCR,5,IGETC,success,4,48,False,12,12,12,12,0,0,
palomar,UCD+UCLA+UCM+UCR+UCSC,5,IGETC,success,5,57,True,12,12,12,12,9,0,
palomar,UCB+UCLA+UCM+UCR+UCSC,5,IGETC,success,4,48,False,12,12,12,12,0,0,
palomar,UCB+UCD+UCLA+UCSB+UCSC,5,IGETC,success,6,61,True,12,10,12,12,12,3,
palomar,UCB+UCD+UCLA+UCM+UCSB,5,IGETC,success,6,61,True,12,10,12,12,12,3,
palomar,UCD+UCLA+UCM+UCSB+UCSC,5,IGETC,success,6,70,True,12,12,12,10,12,12,
palomar,UCB+UCLA+UCM+UCSB+UCSC,5,IGETC,success,6,61,True,12,10,12,12,12,3,
palomar,UCB+UCD+UCLA+UCM+UCSC,5,IGETC,success,4,48,False,12,12,12,12,0,0,
palomar,UCB+UCD+UCI+UCR+UCSB,5,IGETC,success,5,51,True,12,12,12,12,3,0,
palomar,UCD+UCI+UCR+UCSB+UCSC,5,IGETC,success,5,51,True,12,12,12,12,3,0,
palomar,UCD+UCI+UCM+UCR+UCSB,5,IGETC,success,5,51,True,12,12,12,12,3,0,
palomar,UCB+UCI+UCR+UCSB+UCSC,5,IGETC,success,5,51,True,12,12,12,12,3,0,
palomar,UCB+UCI+UCM+UCR+UCSB,5,IGETC,success,5,51,True,12,12,12,12,3,0,
palomar,UCI+UCM+UCR+UCSB+UCSC,5,IGETC,success,5,51,True,12,12,12,12,3,0,
palomar,UCB+UCD+UCI+UCR+UCSC,5,IGETC,success,5,51,True,12,12,12,12,3,0,
palomar,UCB+UCD+UCI+UCM+UCR,5,IGETC,success,5,51,True,12,12,12,12,3,0,
palomar,UCD+UCI+UCM+UCR+UCSC,5,IGETC,success,5,51,True,12,12,12,12,3,0,
palomar,UCB+UCI+UCM+UCR+UCSC,5,IGETC,success,6,63,True,12,12,12,12,12,3,
palomar,UCB+UCD+UCI+UCSB+UCSC,5,IGETC,success,6,63,True,12,12,12,12,12,3,
palomar,UCB+UCD+UCI+UCM+UCSB,5,IGETC,success,6,63,True,12,12,12,12,12,3,
palomar,UCD+UCI+UCM+UCSB+UCSC,5,IGETC,success,6,63,True,12,12,12,12,12,3,
palomar,UCB+UCI+UCM+UCSB+UCSC,5,IGETC,success,6,63,True,12,12,12,12,12,3,
palomar,UCB+UCD+UCI+UCM+UCSC,5,IGETC,success,5,51,True,12,12,12,12,3,0,
palomar,UCB+UCD+UCR+UCSB+UCSC,5,IGETC,success,4,48,False,12,12,12,12,0,0,
palomar,UCB+UCD+UCM+UCR+UCSB,5,IGETC,success,4,48,False,12,12,12,12,0,0,
palomar,UCD+UCM+UCR+UCSB+UCSC,5,IGETC,success,5,57,True,12,12,12,12,9,0,
palomar,UCB+UCM+UCR+UCSB+UCSC,5,IGETC,success,4,48,False,12,12,12,12,0,0,
palomar,UCB+UCD+UCM+UCR+UCSC,5,IGETC,success,5,60,True,12,12,12,12,12,0,
palomar,UCB+UCD+UCM+UCSB+UCSC,5,IGETC,success,6,61,True,12,10,12,12,12,3,
palomar,UCD+UCI+UCLA+UCR+UCSB+UCSD,6,IGETC,success,6,63,True,12,12,12,12,12,3,
palomar,UCB+UCI+UCLA+UCR+UCSB+UCSD,6,IGETC,success,5,60,True,12,12,12,12,12,0,
palomar,UCI+UCLA+UCR+UCSB+UCSC+UCSD,6,IGETC,success,6,63,True,12,12,12,12,12,3,
palomar,UCI+UCLA+UCM+UCR+UCSB+UCSD,6,IGETC,success,5,60,True,12,12,12,12,12,0,
palomar,UCB+UCD+UCI+UCLA+UCR+UCSD,6,IGETC,success,6,63,True,12,12,12,12,12,3,
palomar,UCD+UCI+UCLA+UCR+UCSC+UCSD,6,IGETC,success,6,63,True,12,12,12,12,12,3,
palomar,UCD+UCI+UCLA+UCM+UCR+UCSD,6,IGETC,success,6,63,True,12,12,12,12,12,3,
palomar,UCB+UCI+UCLA+UCR+UCSC+UCSD,6,IGETC,success,6,63,True,12,12,12,12,12,3,
palomar,UCB+UCI+UCLA+UCM+UCR+UCSD,6,IGETC,success,5,60,True,12,12,12,12,12,0,
palomar,UCI+UCLA+UCM+UCR+UCSC+UCSD,6,IGETC,success,6,63,True,12,12,12,12,12,3,
palomar,UCB+UCD+UCI+UCLA+UCSB+UCSD,6,IGETC,success,6,63,True,12,12,12,12,12,3,
palomar,UCD+UCI+UCLA+UCSB+UCSC+UCSD,6,IGETC,success,6,63,True,12,12,12,12,12,3,
palomar,UCD+UCI+UCLA+UCM+UCSB+UCSD,6,IGETC,success,6,63,True,12,12,12,12,12,3,
palomar,UCB+UCI+UCLA+UCSB+UCSC+UCSD,6,IGETC,success,6,63,True,12,12,12,12,12,3,
palomar,UCB+UCI+UCLA+UCM+UCSB+UCSD,6,IGETC,success,5,60,True,12,12,12,12,12,0,
palomar,UCI+UCLA+UCM+UCSB+UCSC+UCSD,6,IGETC,success,6,63,True,12,12,12,12,12,3,
palomar,UCB+UCD+UCI+UCLA+UCSC+UCSD,6,IGETC,success,6,63,True,12,12,12,12,12,3,
palomar,UCB+UCD+UCI+UCLA+UCM+UCSD,6,IGETC,success,6,63,True,12,12,12,12,12,3,
palomar,UCD+UCI+UCLA+UCM+UCSC+UCSD,6,IGETC,success,6,63,True,12,12,12,12,12,3,
palomar,UCB+UCI+UCLA+UCM+UCSC+UCSD,6,IGETC,success,6,64,True,12,10,12,12,12,6,
palomar,UCB+UCD+UCLA+UCR+UCSB+UCSD,6,IGETC,success,5,60,True,12,12,12,12,12,0,
palomar,UCD+UCLA+UCR+UCSB+UCSC+UCSD,6,IGETC,success,6,66,True,12,12,12,12,12,6,
palomar,UCD+UCLA+UCM+UCR+UCSB+UCSD,6,IGETC,success,6,69,True,12,12,12,12,12,9,
palomar,UCB+UCLA+UCR+UCSB+UCSC+UCSD,6,IGETC,success,5,60,True,12,12,12,12,12,0,
palomar,UCB+UCLA+UCM+UCR+UCSB+UCSD,6,IGETC,success,5,57,True,12,12,12,12,9,0,
palomar,UCLA+UCM+UCR+UCSB+UCSC+UCSD,6,IGETC,success,6,66,True,12,12,12,12,12,6,
palomar,UCB+UCD+UCLA+UCR+UCSC+UCSD,6,IGETC,success,5,60,True,12,12,12,12,12,0,
palomar,UCB+UCD+UCLA+UCM+UCR+UCSD,6,IGETC,success,5,60,True,12,12,12,12,12,0,
palomar,UCD+UCLA+UCM+UCR+UCSC+UCSD,6,IGETC,success,6,66,True,12,12,12,12,12,6,
palomar,UCB+UCLA+UCM+UCR+UCSC+UCSD,6,IGETC,success,5,60,True,12,12,12,12,12,0,
palomar,UCB+UCD+UCLA+UCSB+UCSC+UCSD,6,IGETC,success,5,60,True,12,12,12,12,12,0,
palomar,UCB+UCD+UCLA+UCM+UCSB+UCSD,6,IGETC,success,5,60,True,12,12,12,12,12,0,
palomar,UCD+UCLA+UCM+UCSB+UCSC+UCSD,6,IGETC,success,6,66,True,12,12,12,12,12,6,
palomar,UCB+UCLA+UCM+UCSB+UCSC+UCSD,6,IGETC,success,5,60,True,12,12,12,12,12,0,
palomar,UCB+UCD+UCLA+UCM+UCSC+UCSD,6,IGETC,success,5,60,True,12,12,12,12,12,0,
palomar,UCB+UCD+UCI+UCR+UCSB+UCSD,6,IGETC,success,5,51,True,12,12,12,12,3,0,
palomar,UCD+UCI+UCR+UCSB+UCSC+UCSD,6,IGETC,success,5,51,True,12,12,12,12,3,0,
palomar,UCD+UCI+UCM+UCR+UCSB+UCSD,6,IGETC,success,5,51,True,12,12,12,12,3,0,
palomar,UCB+UCI+UCR+UCSB+UCSC+UCSD,6,IGETC,success,5,51,True,12,12,12,12,3,0,
palomar,UCB+UCI+UCM+UCR+UCSB+UCSD,6,IGETC,success,5,51,True,12,12,12,12,3,0,
palomar,UCI+UCM+UCR+UCSB+UCSC+UCSD,6,IGETC,success,5,51,True,12,12,12,12,3,0,
palomar,UCB+UCD+UCI+UCR+UCSC+UCSD,6,IGETC,success,5,51,True,12,12,12,12,3,0,
palomar,UCB+UCD+UCI+UCM+UCR+UCSD,6,IGETC,success,5,51,True,12,12,12,12,3,0,
palomar,UCD+UCI+UCM+UCR+UCSC+UCSD,6,IGETC,success,5,51,True,12,12,12,12,3,0,
palomar,UCB+UCI+UCM+UCR+UCSC+UCSD,6,IGETC,success,5,51,True,12,12,12,12,3,0,
palomar,UCB+UCD+UCI+UCSB+UCSC+UCSD,6,IGETC,success,6,63,True,12,12,12,12,12,3,
palomar,UCB+UCD+UCI+UCM+UCSB+UCSD,6,IGETC,success,6,63,True,12,12,12,12,12,3,
palomar,UCD+UCI+UCM+UCSB+UCSC+UCSD,6,IGETC,success,6,63,True,12,12,12,12,12,3,
palomar,UCB+UCI+UCM+UCSB+UCSC+UCSD,6,IGETC,success,6,63,True,12,12,12,12,12,3,
palomar,UCB+UCD+UCI+UCM+UCSC+UCSD,6,IGETC,success,5,51,True,12,12,12,12,3,0,
palomar,UCB+UCD+UCR+UCSB+UCSC+UCSD,6,IGETC,success,4,48,False,12,12,12,12,0,0,
palomar,UCB+UCD+UCM+UCR+UCSB+UCSD,6,IGETC,success,4,48,False,12,12,12,12,0,0,
palomar,UCD+UCM+UCR+UCSB+UCSC+UCSD,6,IGETC,success,5,57,True,12,12,12,12,9,0,
palomar,UCB+UCM+UCR+UCSB+UCSC+UCSD,6,IGETC,success,4,48,False,12,12,12,12,0,0,
palomar,UCB+UCD+UCM+UCR+UCSC+UCSD,6,IGETC,success,4,48,False,12,12,12,12,0,0,
palomar,UCB+UCD+UCM+UCSB+UCSC+UCSD,6,IGETC,success,5,60,True,12,12,12,12,12,0,
palomar,UCB+UCD+UCI+UCLA+UCR+UCSB,6,IGETC,success,5,51,True,12,12,12,12,3,0,
palomar,UCD+UCI+UCLA+UCR+UCSB+UCSC,6,IGETC,success,5,51,True,12,12,12,12,3,0,
palomar,UCD+UCI+UCLA+UCM+UCR+UCSB,6,IGETC,success,5,51,True,12,12,12,12,3,0,
palomar,UCB+UCI+UCLA+UCR+UCSB+UCSC,6,IGETC,success,5,51,True,12,12,12,12,3,0,
palomar,UCB+UCI+UCLA+UCM+UCR+UCSB,6,IGETC,success,5,51,True,12,12,12,12,3,0,
palomar,UCI+UCLA+UCM+UCR+UCSB+UCSC,6,IGETC,success,5,51,True,12,12,12,12,3,0,
palomar,UCB+UCD+UCI+UCLA+UCR+UCSC,6,IGETC,success,5,51,True,12,12,12,12,3,0,
palomar,UCB+UCD+UCI+UCLA+UCM+UCR,6,IGETC,success,5,51,True,12,12,12,12,3,0,
palomar,UCD+UCI+UCLA+UCM+UCR+UCSC,6,IGETC,success,5,51,True,12,12,12,12,3,0,
palomar,UCB+UCI+UCLA+UCM+UCR+UCSC,6,IGETC,success,5,51,True,12,12,12,12,3,0,
palomar,UCB+UCD+UCI+UCLA+UCSB+UCSC,6,IGETC,success,6,63,True,12,12,12,12,12,3,
palomar,UCB+UCD+UCI+UCLA+UCM+UCSB,6,IGETC,success,6,63,True,12,12,12,12,12,3,
palomar,UCD+UCI+UCLA+UCM+UCSB+UCSC,6,IGETC,success,6,63,True,12,12,12,12,12,3,
palomar,UCB+UCI+UCLA+UCM+UCSB+UCSC,6,IGETC,success,6,63,True,12,12,12,12,12,3,
palomar,UCB+UCD+UCI+UCLA+UCM+UCSC,6,IGETC,success,5,51,True,12,12,12,12,3,0,
palomar,UCB+UCD+UCLA+UCR+UCSB+UCSC,6,IGETC,success,4,48,False,12,12,12,12,0,0,
palomar,UCB+UCD+UCLA+UCM+UCR+UCSB,6,IGETC,success,4,48,False,12,12,12,12,0,0,
palomar,UCD+UCLA+UCM+UCR+UCSB+UCSC,6,IGETC,success,5,57,True,12,12,12,12,9,0,
palomar,UCB+UCLA+UCM+UCR+UCSB+UCSC,6,IGETC,success,4,48,False,12,12,12,12,0,0,
palomar,UCB+UCD+UCLA+UCM+UCR+UCSC,6,IGETC,success,4,48,False,12,12,12,12,0,0,
palomar,UCB+UCD+UCLA+UCM+UCSB+UCSC,6,IGETC,success,6,61,True,12,10,12,12,12,3,
palomar,UCB+UCD+UCI+UCR+UCSB+UCSC,6,IGETC,success,5,51,True,12,12,12,12,3,0,
palomar,UCB+UCD+UCI+UCM+UCR+UCSB,6,IGETC,success,5,51,True,12,12,12,12,3,0,
palomar,UCD+UCI+UCM+UCR+UCSB+UCSC,6,IGETC,success,5,51,True,12,12,12,12,3,0,
palomar,UCB+UCI+UCM+UCR+UCSB+UCSC,6,IGETC,success,5,51,True,12,12,12,12,3,0,
palomar,UCB+UCD+UCI+UCM+UCR+UCSC,6,IGETC,success,5,51,True,12,12,12,12,3,0,
palomar,UCB+UCD+UCI+UCM+UCSB+UCSC,6,IGETC,success,6,63,True,12,12,12,12,12,3,
palomar,UCB+UCD+UCM+UCR+UCSB+UCSC,6,IGETC,success,4,48,False,12,12,12,12,0,0,
palomar,UCB+UCD+UCI+UCLA+UCR+UCSB+UCSD,7,IGETC,success,6,63,True,12,12,12,12,12,3,
palomar,UCD+UCI+UCLA+UCR+UCSB+UCSC+UCSD,7,IGETC,success,6,63,True,12,12,12,12,12,3,
palomar,UCD+UCI+UCLA+UCM+UCR+UCSB+UCSD,7,IGETC,success,6,63,True,12,12,12,12,12,3,
palomar,UCB+UCI+UCLA+UCR+UCSB+UCSC+UCSD,7,IGETC,success,6,63,True,12,12,12,12,12,3,
palomar,UCB+UCI+UCLA+UCM+UCR+UCSB+UCSD,7,IGETC,success,5,60,True,12,12,12,12,12,0,
palomar,UCI+UCLA+UCM+UCR+UCSB+UCSC+UCSD,7,IGETC,success,6,63,True,12,12,12,12,12,3,
palomar,UCB+UCD+UCI+UCLA+UCR+UCSC+UCSD,7,IGETC,success,6,63,True,12,12,12,12,12,3,
palomar,UCB+UCD+UCI+UCLA+UCM+UCR+UCSD,7,IGETC,success,6,63,True,12,12,12,12,12,3,
palomar,UCD+UCI+UCLA+UCM+UCR+UCSC+UCSD,7,IGETC,success,6,63,True,12,12,12,12,12,3,
palomar,UCB+UCI+UCLA+UCM+UCR+UCSC+UCSD,7,IGETC,success,6,63,True,12,12,12,12,12,3,
palomar,UCB+UCD+UCI+UCLA+UCSB+UCSC+UCSD,7,IGETC,success,6,63,True,12,12,12,12,12,3,
palomar,UCB+UCD+UCI+UCLA+UCM+UCSB+UCSD,7,IGETC,success,6,63,True,12,12,12,12,12,3,
palomar,UCD+UCI+UCLA+UCM+UCSB+UCSC+UCSD,7,IGETC,success,6,63,True,12,12,12,12,12,3,
palomar,UCB+UCI+UCLA+UCM+UCSB+UCSC+UCSD,7,IGETC,success,6,63,True,12,12,12,12,12,3,
palomar,UCB+UCD+UCI+UCLA+UCM+UCSC+UCSD,7,IGETC,success,6,63,True,12,12,12,12,12,3,
palomar,UCB+UCD+UCLA+UCR+UCSB+UCSC+UCSD,7,IGETC,success,5,60,True,12,12,12,12,12,0,
palomar,UCB+UCD+UCLA+UCM+UCR+UCSB+UCSD,7,IGETC,success,5,60,True,12,12,12,12,12,0,
palomar,UCD+UCLA+UCM+UCR+UCSB+UCSC+UCSD,7,IGETC,success,6,66,True,12,12,12,12,12,6,
palomar,UCB+UCLA+UCM+UCR+UCSB+UCSC+UCSD,7,IGETC,success,5,60,True,12,12,12,12,12,0,
palomar,UCB+UCD+UCLA+UCM+UCR+UCSC+UCSD,7,IGETC,success,5,60,True,12,12,12,12,12,0,
palomar,UCB+UCD+UCLA+UCM+UCSB+UCSC+UCSD,7,IGETC,success,5,60,True,12,12,12,12,12,0,
palomar,UCB+UCD+UCI+UCR+UCSB+UCSC+UCSD,7,IGETC,success,5,51,True,12,12,12,12,3,0,
palomar,UCB+UCD+UCI+UCM+UCR+UCSB+UCSD,7,IGETC,success,5,51,True,12,12,12,12,3,0,
palomar,UCD+UCI+UCM+UCR+UCSB+UCSC+UCSD,7,IGETC,success,5,51,True,12,12,12,12,3,0,
palomar,UCB+UCI+UCM+UCR+UCSB+UCSC+UCSD,7,IGETC,success,5,51,True,12,12,12,12,3,0,
palomar,UCB+UCD+UCI+UCM+UCR+UCSC+UCSD,7,IGETC,success,5,51,True,12,12,12,12,3,0,
palomar,UCB+UCD+UCI+UCM+UCSB+UCSC+UCSD,7,IGETC,success,6,63,True,12,12,12,12,12,3,
palomar,UCB+UCD+UCM+UCR+UCSB+UCSC+UCSD,7,IGETC,success,4,48,False,12,12,12,12,0,0,
palomar,UCB+UCD+UCI+UCLA+UCR+UCSB+UCSC,7,IGETC,success,5,51,True,12,12,12,12,3,0,
palomar,UCB+UCD+UCI+UCLA+UCM+UCR+UCSB,7,IGETC,success,5,51,True,12,12,12,12,3,0,
palomar,UCD+UCI+UCLA+UCM+UCR+UCSB+UCSC,7,IGETC,success,5,51,True,12,12,12,12,3,0,
palomar,UCB+UCI+UCLA+UCM+UCR+UCSB+UCSC,7,IGETC,success,5,51,True,12,12,12,12,3,0,
palomar,UCB+UCD+UCI+UCLA+UCM+UCR+UCSC,7,IGETC,success,5,51,True,12,12,12,12,3,0,
palomar,UCB+UCD+UCI+UCLA+UCM+UCSB+UCSC,7,IGETC,success,6,63,True,12,12,12,12,12,3,
palomar,UCB+UCD+UCLA+UCM+UCR+UCSB+UCSC,7,IGETC,success,4,48,False,12,12,12,12,0,0,
palomar,UCB+UCD+UCI+UCM+UCR+UCSB+UCSC,7,IGETC,success,5,51,True,12,12,12,12,3,0,
palomar,UCB+UCD+UCI+UCLA+UCR+UCSB+UCSC+UCSD,8,IGETC,success,6,63,True,12,12,12,12,12,3,
palomar,UCB+UCD+UCI+UCLA+UCM+UCR+UCSB+UCSD,8,IGETC,success,6,63,True,12,12,12,12,12,3,
palomar,UCD+UCI+UCLA+UCM+UCR+UCSB+UCSC+UCSD,8,IGETC,success,6,63,True,12,12,12,12,12,3,
palomar,UCB+UCI+UCLA+UCM+UCR+UCSB+UCSC+UCSD,8,IGETC,success,6,63,True,12,12,12,12,12,3,
palomar,UCB+UCD+UCI+UCLA+UCM+UCR+UCSC+UCSD,8,IGETC,success,6,63,True,12,12,12,12,12,3,
palomar,UCB+UCD+UCI+UCLA+UCM+UCSB+UCSC+UCSD,8,IGETC,success,6,63,True,12,12,12,12,12,3,
palomar,UCB+UCD+UCLA+UCM+UCR+UCSB+UCSC+UCSD,8,IGETC,success,5,60,True,12,12,12,12,12,0,
palomar,UCB+UCD+UCI+UCM+UCR+UCSB+UCSC+UCSD,8,IGETC,success,5,51,True,12,12,12,12,3,0,
palomar,UCB+UCD+UCI+UCLA+UCM+UCR+UCSB+UCSC,8,IGETC,success,5,51,True,12,12,12,12,3,0,
palomar,UCB+UCD+UCI+UCLA+UCM+UCR+UCSB+UCSC+UCSD,9,IGETC,success,6,63,True,12,12,12,12,12,3,
